"#ProtID"	"Unweighted"	"Weighted"	"Unique"
"YP_003043231.1"	195	"195.00"	195
"YP_003043232.1"	36	"36.00"	36
"YP_003043233.1"	145	"145.00"	145
"YP_003043235.1"	28	"28.00"	28
"YP_003043237.1"	133	"130.00"	127
"YP_003043238.1"	7	"7.00"	7
"YP_003043243.1"	478	"478.00"	478
"YP_003043244.1"	54	"54.00"	54
"YP_003043253.1"	6	"0.21"	0
"YP_003043257.1"	33	"33.00"	33
"YP_003043259.1"	27	"27.00"	27
"YP_003043260.1"	177	"177.00"	177
"YP_003043262.1"	9	"9.00"	9
"YP_003043263.1"	25	"25.00"	25
"YP_003043264.1"	11	"11.00"	11
"YP_003043265.1"	36	"36.00"	36
"YP_003043266.1"	123	"123.00"	123
"YP_003043267.1"	198	"198.00"	198
"YP_003043271.1"	1	"1.00"	1
"YP_003043279.1"	1	"1.00"	1
"YP_003043280.1"	1	"1.00"	1
"YP_003043281.1"	17	"17.00"	17
"YP_003043282.1"	10	"10.00"	10
"YP_003043283.1"	6	"6.00"	6
"YP_003043284.1"	16	"16.00"	16
"YP_003043285.1"	15	"15.00"	15
"YP_003043286.1"	90	"90.00"	90
"YP_003043287.1"	73	"73.00"	73
"YP_003043288.1"	13	"12.00"	11
"YP_003043290.1"	17	"17.00"	17
"YP_003043295.1"	2	"2.00"	2
"YP_003043296.1"	1	"1.00"	1
"YP_003043302.1"	85	"85.00"	85
"YP_003043303.1"	91	"89.18"	89
"YP_003043304.1"	115	"114.00"	113
"YP_003043305.1"	226	"226.00"	226
"YP_003043308.1"	73	"73.00"	73
"YP_003043309.1"	14	"14.00"	14
"YP_003043310.1"	33	"33.00"	33
"YP_003043311.1"	8	"8.00"	8
"YP_003043312.1"	16	"16.00"	16
"YP_003043314.1"	10	"10.00"	10
"YP_003043315.1"	42	"42.00"	42
"YP_003043316.1"	10	"10.00"	10
"YP_003043318.1"	22	"22.00"	22
"YP_003043320.1"	21	"21.00"	21
"YP_003043321.1"	34	"32.40"	32
"YP_003043322.1"	25	"25.00"	25
"YP_003043323.1"	7	"7.00"	7
"YP_003043324.1"	36	"36.00"	36
"YP_003043325.1"	126	"126.00"	126
"YP_003043326.1"	8	"8.00"	8
"YP_003043328.1"	179	"179.00"	179
"YP_003043329.1"	5	"5.00"	5
"YP_003043330.1"	8	"8.00"	8
"YP_003043331.1"	14	"14.00"	14
"YP_003043332.1"	7	"7.00"	7
"YP_003043333.1"	16	"16.00"	16
"YP_003043337.1"	10	"10.00"	10
"YP_003043338.1"	6	"6.00"	6
"YP_003043339.1"	2	"2.00"	2
"YP_003043340.1"	2	"2.00"	2
"YP_003043341.1"	5	"5.00"	5
"YP_003043342.1"	292	"292.00"	292
"YP_003043343.1"	125	"125.00"	125
"YP_003043344.1"	221	"221.00"	221
"YP_003043346.1"	282	"282.00"	282
"YP_003043348.1"	23	"23.00"	23
"YP_003043349.1"	16	"16.00"	16
"YP_003043350.1"	2	"2.00"	2
"YP_003043351.1"	18	"18.00"	18
"YP_003043352.1"	25	"25.00"	25
"YP_003043353.1"	35	"35.00"	35
"YP_003043354.1"	39	"39.00"	39
"YP_003043355.1"	24	"23.00"	22
"YP_003043359.1"	30	"30.00"	30
"YP_003043361.1"	57	"57.00"	57
"YP_003043362.1"	29	"29.00"	29
"YP_003043366.1"	1	"1.00"	1
"YP_003043367.1"	1	"1.00"	1
"YP_003043370.1"	9	"9.00"	9
"YP_003043371.1"	35	"34.50"	34
"YP_003043373.1"	44	"44.00"	44
"YP_003043374.1"	6	"6.00"	6
"YP_003043375.1"	6	"6.00"	6
"YP_003043376.1"	6	"6.00"	6
"YP_003043377.1"	60	"60.00"	60
"YP_003043378.1"	78	"78.00"	78
"YP_003043379.1"	4	"4.00"	4
"YP_003043380.1"	1	"1.00"	1
"YP_003043382.1"	52	"52.00"	52
"YP_003043384.1"	22	"22.00"	22
"YP_003043386.1"	6	"6.00"	6
"YP_003043387.1"	32	"32.00"	32
"YP_003043389.1"	166	"166.00"	166
"YP_003043391.1"	30	"29.00"	28
"YP_003043393.1"	84	"84.00"	84
"YP_003043394.1"	5	"5.00"	5
"YP_003043395.1"	25	"25.00"	25
"YP_003043396.1"	173	"173.00"	173
"YP_003043397.1"	222	"222.00"	222
"YP_003043398.1"	20	"20.00"	20
"YP_003043399.1"	58	"58.00"	58
"YP_003043400.1"	4	"4.00"	4
"YP_003043401.1"	4	"4.00"	4
"YP_003043403.1"	26	"26.00"	26
"YP_003043404.1"	158	"158.00"	158
"YP_003043405.1"	77	"77.00"	77
"YP_003043406.1"	20	"20.00"	20
"YP_003043407.1"	28	"28.00"	28
"YP_003043408.1"	17	"17.00"	17
"YP_003043409.1"	11	"11.00"	11
"YP_003043410.1"	7	"7.00"	7
"YP_003043411.1"	23	"23.00"	23
"YP_003043412.1"	78	"78.00"	78
"YP_003043413.1"	1	"1.00"	1
"YP_003043414.1"	3	"3.00"	3
"YP_003043415.1"	11	"11.00"	11
"YP_003043416.1"	13	"13.00"	13
"YP_003043417.1"	7	"7.00"	7
"YP_003043418.1"	8	"8.00"	8
"YP_003043422.1"	174	"174.00"	174
"YP_003043423.1"	2	"2.00"	2
"YP_003043424.1"	11	"11.00"	11
"YP_003043425.1"	219	"219.00"	219
"YP_003043426.1"	6	"6.00"	6
"YP_003043427.1"	55	"55.00"	55
"YP_003043428.1"	5	"5.00"	5
"YP_003043429.1"	3	"3.00"	3
"YP_003043430.1"	7	"7.00"	7
"YP_003043431.1"	3	"3.00"	3
"YP_003043434.1"	16	"15.50"	15
"YP_003043435.1"	9	"9.00"	9
"YP_003043436.1"	3	"3.00"	3
"YP_003043439.1"	6	"0.21"	0
"YP_003043443.1"	4	"4.00"	4
"YP_003043444.1"	1	"1.00"	1
"YP_003043445.1"	44	"44.00"	44
"YP_003043446.1"	32	"32.00"	32
"YP_003043447.1"	2	"2.00"	2
"YP_003043450.1"	4	"4.00"	4
"YP_003043451.1"	1	"1.00"	1
"YP_003043459.1"	87	"87.00"	87
"YP_003043460.1"	16	"16.00"	16
"YP_003043461.1"	19	"19.00"	19
"YP_003043462.1"	17	"17.00"	17
"YP_003043463.1"	6	"0.21"	0
"YP_003043465.1"	2	"0.67"	0
"YP_003043466.1"	50	"50.00"	50
"YP_003043467.1"	60	"60.00"	60
"YP_003043473.1"	5	"5.00"	5
"YP_003043477.1"	1	"1.00"	1
"YP_003043483.1"	1	"1.00"	1
"YP_003043491.1"	6	"6.00"	6
"YP_003043494.1"	4	"4.00"	4
"YP_003043495.1"	12	"12.00"	12
"YP_003043497.1"	2	"2.00"	2
"YP_003043506.1"	5	"5.00"	5
"YP_003043507.1"	20	"20.00"	20
"YP_003043511.1"	18	"18.00"	18
"YP_003043515.1"	1	"1.00"	1
"YP_003043518.1"	55	"55.00"	55
"YP_003043519.1"	1	"1.00"	1
"YP_003043523.1"	1	"1.00"	1
"YP_003043526.1"	7	"7.00"	7
"YP_003043527.1"	8	"8.00"	8
"YP_003043535.1"	8	"8.00"	8
"YP_003043537.1"	12	"12.00"	12
"YP_003043538.1"	2	"2.00"	2
"YP_003043541.1"	6	"0.21"	0
"YP_003043542.1"	6	"6.00"	6
"YP_003043543.1"	2	"2.00"	2
"YP_003043545.1"	10	"10.00"	10
"YP_003043546.1"	37	"37.00"	37
"YP_003043548.1"	2	"2.00"	2
"YP_003043550.1"	11	"11.00"	11
"YP_003043552.1"	2	"2.00"	2
"YP_003043555.1"	17	"17.00"	17
"YP_003043556.1"	8	"8.00"	8
"YP_003043560.1"	22	"22.00"	22
"YP_003043561.1"	3	"3.00"	3
"YP_003043562.1"	13	"13.00"	13
"YP_003043564.1"	3	"3.00"	3
"YP_003043568.1"	6	"0.21"	0
"YP_003043569.1"	15	"15.00"	15
"YP_003043570.1"	18	"18.00"	18
"YP_003043572.1"	20	"20.00"	20
"YP_003043573.1"	4	"4.00"	4
"YP_003043574.1"	13	"13.00"	13
"YP_003043575.1"	2	"2.00"	2
"YP_003043578.1"	16	"16.00"	16
"YP_003043579.1"	7	"7.00"	7
"YP_003043580.1"	30	"30.00"	30
"YP_003043581.1"	86	"86.00"	86
"YP_003043582.1"	64	"64.00"	64
"YP_003043583.1"	23	"23.00"	23
"YP_003043584.1"	10	"10.00"	10
"YP_003043587.1"	20	"20.00"	20
"YP_003043588.1"	21	"21.00"	21
"YP_003043589.1"	60	"60.00"	60
"YP_003043590.1"	17	"17.00"	17
"YP_003043591.1"	12	"12.00"	12
"YP_003043593.1"	9	"9.00"	9
"YP_003043594.1"	56	"56.00"	56
"YP_003043595.1"	12	"12.00"	12
"YP_003043596.1"	7	"7.00"	7
"YP_003043597.1"	22	"22.00"	22
"YP_003043598.1"	18	"18.00"	18
"YP_003043599.1"	2	"2.00"	2
"YP_003043600.1"	48	"48.00"	48
"YP_003043608.1"	12	"12.00"	12
"YP_003043609.1"	75	"75.00"	75
"YP_003043611.1"	39	"39.00"	39
"YP_003043612.1"	10	"10.00"	10
"YP_003043613.1"	239	"239.00"	239
"YP_003043614.1"	47	"47.00"	47
"YP_003043615.1"	136	"136.00"	136
"YP_003043617.1"	5	"5.00"	5
"YP_003043618.1"	49	"46.00"	43
"YP_003043619.1"	117	"117.00"	117
"YP_003043621.1"	2	"2.00"	2
"YP_003043622.1"	9	"9.00"	9
"YP_003043623.1"	11	"11.00"	11
"YP_003043626.1"	6	"6.00"	6
"YP_003043629.1"	1	"1.00"	1
"YP_003043630.1"	21	"21.00"	21
"YP_003043631.1"	3	"3.00"	3
"YP_003043635.1"	4	"4.00"	4
"YP_003043636.1"	2	"2.00"	2
"YP_003043637.1"	3	"3.00"	3
"YP_003043639.1"	64	"64.00"	64
"YP_003043640.1"	104	"104.00"	104
"YP_003043641.1"	3	"3.00"	3
"YP_003043642.1"	28	"28.00"	28
"YP_003043644.1"	2	"2.00"	2
"YP_003043646.1"	22	"22.00"	22
"YP_003043647.1"	15	"15.00"	15
"YP_003043648.1"	47	"47.00"	47
"YP_003043649.1"	13	"13.00"	13
"YP_003043650.1"	222	"222.00"	222
"YP_003043651.1"	45	"45.00"	45
"YP_003043652.1"	12	"12.00"	12
"YP_003043654.1"	29	"29.00"	29
"YP_003043655.1"	1	"1.00"	1
"YP_003043657.1"	19	"19.00"	19
"YP_003043658.1"	23	"23.00"	23
"YP_003043660.1"	1	"1.00"	1
"YP_003043661.1"	19	"19.00"	19
"YP_003043664.1"	4	"4.00"	4
"YP_003043666.1"	8	"8.00"	8
"YP_003043669.1"	47	"47.00"	47
"YP_003043670.1"	6	"6.00"	6
"YP_003043671.1"	18	"18.00"	18
"YP_003043673.1"	6	"6.00"	6
"YP_003043674.1"	1	"0.50"	0
"YP_003043682.1"	8	"8.00"	8
"YP_003043688.1"	1	"1.00"	1
"YP_003043689.1"	2	"2.00"	2
"YP_003043691.1"	2	"2.00"	2
"YP_003043695.1"	1	"1.00"	1
"YP_003043698.1"	35	"35.00"	35
"YP_003043699.1"	58	"58.00"	58
"YP_003043701.1"	67	"67.00"	67
"YP_003043702.1"	61	"61.00"	61
"YP_003043704.1"	2	"2.00"	2
"YP_003043705.1"	11	"11.00"	11
"YP_003043713.1"	1	"1.00"	1
"YP_003043722.1"	1	"1.00"	1
"YP_003043729.1"	6	"0.21"	0
"YP_003043732.1"	1	"1.00"	1
"YP_003043733.1"	21	"21.00"	21
"YP_003043735.1"	1	"1.00"	1
"YP_003043742.1"	1	"1.00"	1
"YP_003043743.1"	47	"47.00"	47
"YP_003043746.1"	2	"2.00"	2
"YP_003043748.1"	1	"1.00"	1
"YP_003043751.1"	1	"1.00"	1
"YP_003043754.1"	3	"3.00"	3
"YP_003043755.1"	3	"3.00"	3
"YP_003043756.1"	41	"41.00"	41
"YP_003043757.1"	8	"8.00"	8
"YP_003043758.1"	26	"26.00"	26
"YP_003043759.1"	18	"17.00"	16
"YP_003043761.1"	2	"2.00"	2
"YP_003043762.1"	52	"52.00"	52
"YP_003043763.1"	1	"1.00"	1
"YP_003043765.1"	5	"5.00"	5
"YP_003043768.1"	6	"0.21"	0
"YP_003043772.1"	85	"85.00"	85
"YP_003043774.1"	4	"4.00"	4
"YP_003043775.1"	22	"22.00"	22
"YP_003043777.1"	8	"8.00"	8
"YP_003043781.1"	3	"3.00"	3
"YP_003043782.1"	4	"4.00"	4
"YP_003043783.1"	3	"3.00"	3
"YP_003043784.1"	12	"12.00"	12
"YP_003043785.1"	2	"2.00"	2
"YP_003043786.1"	2	"2.00"	2
"YP_003043788.1"	15	"15.00"	15
"YP_003043789.1"	21	"21.00"	21
"YP_003043793.1"	6	"0.21"	0
"YP_003043794.1"	9	"9.00"	9
"YP_003043795.1"	112	"112.00"	112
"YP_003043796.1"	68	"68.00"	68
"YP_003043797.1"	23	"23.00"	23
"YP_003043799.1"	25	"25.00"	25
"YP_003043800.1"	6	"6.00"	6
"YP_003043809.1"	6	"0.21"	0
"YP_003043811.1"	1	"1.00"	1
"YP_003043814.1"	5	"4.50"	4
"YP_003043817.1"	1	"1.00"	1
"YP_003043818.1"	37	"37.00"	37
"YP_003043820.1"	2	"2.00"	2
"YP_003043821.1"	16	"16.00"	16
"YP_003043822.1"	71	"65.00"	59
"YP_003043823.1"	11	"11.00"	11
"YP_003043825.1"	5	"5.00"	5
"YP_003043826.1"	6	"6.00"	6
"YP_003043827.1"	17	"17.00"	17
"YP_003043828.1"	3	"3.00"	3
"YP_003043829.1"	1	"1.00"	1
"YP_003043830.1"	11	"11.00"	11
"YP_003043831.1"	15	"15.00"	15
"YP_003043832.1"	120	"120.00"	120
"YP_003043833.1"	4	"4.00"	4
"YP_003043837.1"	13	"13.00"	13
"YP_003043840.1"	2	"2.00"	2
"YP_003043841.1"	4	"4.00"	4
"YP_003043842.1"	231	"231.00"	231
"YP_003043844.1"	14	"14.00"	14
"YP_003043845.1"	7	"7.00"	7
"YP_003043846.1"	6	"6.00"	6
"YP_003043847.1"	51	"51.00"	51
"YP_003043848.1"	66	"66.00"	66
"YP_003043849.1"	14	"14.00"	14
"YP_003043850.1"	85	"85.00"	85
"YP_003043851.1"	39	"39.00"	39
"YP_003043852.1"	14	"14.00"	14
"YP_003043853.1"	23	"23.00"	23
"YP_003043854.1"	19	"19.00"	19
"YP_003043855.1"	41	"41.00"	41
"YP_003043856.1"	75	"75.00"	75
"YP_003043859.1"	35	"35.00"	35
"YP_003043860.1"	24	"24.00"	24
"YP_003043861.1"	3	"3.00"	3
"YP_003043862.1"	33	"33.00"	33
"YP_003043863.1"	36	"36.00"	36
"YP_003043864.1"	99	"99.00"	99
"YP_003043868.1"	3	"2.50"	2
"YP_003043871.1"	2	"2.00"	2
"YP_003043877.1"	1	"1.00"	1
"YP_003043885.1"	3	"3.00"	3
"YP_003043886.1"	2	"2.00"	2
"YP_003043888.1"	50	"50.00"	50
"YP_003043889.1"	15	"15.00"	15
"YP_003043890.1"	13	"13.00"	13
"YP_003043891.1"	7	"7.00"	7
"YP_003043892.1"	2	"2.00"	2
"YP_003043898.1"	168	"168.00"	168
"YP_003043899.1"	3	"3.00"	3
"YP_003043900.1"	1	"1.00"	1
"YP_003043901.1"	258	"258.00"	258
"YP_003043902.1"	69	"69.00"	69
"YP_003043903.1"	265	"265.00"	265
"YP_003043904.1"	149	"149.00"	149
"YP_003043905.1"	136	"136.00"	136
"YP_003043906.1"	179	"179.00"	179
"YP_003043907.1"	3	"3.00"	3
"YP_003043908.1"	1	"1.00"	1
"YP_003043909.1"	2	"1.50"	1
"YP_003043910.1"	21	"21.00"	21
"YP_003043914.1"	6	"6.00"	6
"YP_003043915.1"	11	"11.00"	11
"YP_003043916.1"	5	"5.00"	5
"YP_003043917.1"	18	"18.00"	18
"YP_003043918.1"	67	"67.00"	67
"YP_003043919.1"	55	"55.00"	55
"YP_003043920.1"	32	"32.00"	32
"YP_003043921.1"	10	"10.00"	10
"YP_003043922.1"	1	"1.00"	1
"YP_003043925.1"	86	"84.00"	82
"YP_003043926.1"	96	"96.00"	96
"YP_003043927.1"	35	"35.00"	35
"YP_003043928.1"	21	"21.00"	21
"YP_003043929.1"	8	"8.00"	8
"YP_003043930.1"	35	"35.00"	35
"YP_003043931.1"	42	"42.00"	42
"YP_003043932.1"	23	"23.00"	23
"YP_003043934.1"	7	"7.00"	7
"YP_003043936.1"	3	"3.00"	3
"YP_003043937.1"	13	"13.00"	13
"YP_003043938.1"	35	"35.00"	35
"YP_003043943.1"	25	"25.00"	25
"YP_003043958.1"	5	"5.00"	5
"YP_003043959.1"	10	"10.00"	10
"YP_003043960.1"	40	"40.00"	40
"YP_003043961.1"	6	"6.00"	6
"YP_003043963.1"	24	"24.00"	24
"YP_003043964.1"	23	"23.00"	23
"YP_003043965.1"	10	"10.00"	10
"YP_003043967.1"	24	"24.00"	24
"YP_003043968.1"	5	"5.00"	5
"YP_003043969.1"	5	"5.00"	5
"YP_003043970.1"	11	"11.00"	11
"YP_003043974.1"	4	"3.00"	2
"YP_003043980.1"	12	"12.00"	12
"YP_003043981.1"	4	"4.00"	4
"YP_003043982.1"	4	"4.00"	4
"YP_003043985.1"	33	"33.00"	33
"YP_003043986.1"	91	"91.00"	91
"YP_003043992.1"	1	"1.00"	1
"YP_003043994.1"	30	"30.00"	30
"YP_003043995.1"	3	"3.00"	3
"YP_003043996.1"	49	"49.00"	49
"YP_003043997.1"	32	"32.00"	32
"YP_003043999.1"	19	"19.00"	19
"YP_003044002.1"	7	"7.00"	7
"YP_003044004.1"	30	"28.00"	26
"YP_003044005.1"	50	"50.00"	50
"YP_003044007.1"	10	"10.00"	10
"YP_003044010.1"	5	"5.00"	5
"YP_003044012.1"	24	"24.00"	24
"YP_003044013.1"	6	"6.00"	6
"YP_003044014.1"	9	"9.00"	9
"YP_003044015.1"	37	"37.00"	37
"YP_003044018.1"	2	"2.00"	2
"YP_003044020.1"	21	"21.00"	21
"YP_003044023.1"	35	"35.00"	35
"YP_003044024.1"	83	"77.00"	71
"YP_003044027.1"	2	"0.40"	0
"YP_003044029.1"	2	"2.00"	2
"YP_003044031.1"	1	"1.00"	1
"YP_003044032.1"	6	"6.00"	6
"YP_003044035.1"	6	"6.00"	6
"YP_003044040.1"	2	"2.00"	2
"YP_003044043.1"	1	"1.00"	1
"YP_003044045.1"	2	"2.00"	2
"YP_003044049.1"	2	"2.00"	2
"YP_003044052.1"	1	"1.00"	1
"YP_003044063.1"	1	"1.00"	1
"YP_003044072.1"	4	"4.00"	4
"YP_003044074.1"	31	"31.00"	31
"YP_003044075.1"	2	"2.00"	2
"YP_003044077.1"	37	"37.00"	37
"YP_003044078.1"	23	"23.00"	23
"YP_003044082.1"	2	"2.00"	2
"YP_003044083.1"	33	"33.00"	33
"YP_003044085.1"	1	"1.00"	1
"YP_003044086.1"	41	"41.00"	41
"YP_003044087.1"	11	"11.00"	11
"YP_003044088.1"	19	"19.00"	19
"YP_003044089.1"	4	"4.00"	4
"YP_003044091.1"	17	"17.00"	17
"YP_003044093.1"	30	"30.00"	30
"YP_003044094.1"	6	"6.00"	6
"YP_003044099.1"	3	"3.00"	3
"YP_003044100.1"	13	"13.00"	13
"YP_003044101.1"	19	"19.00"	19
"YP_003044102.1"	8	"8.00"	8
"YP_003044103.1"	8	"8.00"	8
"YP_003044104.1"	1	"1.00"	1
"YP_003044105.1"	6	"6.00"	6
"YP_003044106.1"	22	"22.00"	22
"YP_003044107.1"	5	"5.00"	5
"YP_003044108.1"	25	"25.00"	25
"YP_003044109.1"	12	"12.00"	12
"YP_003044110.1"	77	"77.00"	77
"YP_003044111.1"	50	"50.00"	50
"YP_003044112.1"	45	"45.00"	45
"YP_003044113.1"	29	"29.00"	29
"YP_003044114.1"	24	"24.00"	24
"YP_003044115.1"	84	"84.00"	84
"YP_003044116.1"	1	"1.00"	1
"YP_003044119.1"	9	"9.00"	9
"YP_003044123.1"	4	"4.00"	4
"YP_003044124.1"	22	"22.00"	22
"YP_003044125.1"	237	"232.00"	227
"YP_003044127.1"	11	"11.00"	11
"YP_003044129.1"	108	"108.00"	108
"YP_003044130.1"	115	"115.00"	115
"YP_003044132.1"	15	"15.00"	15
"YP_003044133.1"	381	"380.50"	380
"YP_003044134.1"	31	"31.00"	31
"YP_003044135.1"	1	"1.00"	1
"YP_003044136.1"	36	"36.00"	36
"YP_003044137.1"	7	"7.00"	7
"YP_003044138.1"	2	"2.00"	2
"YP_003044139.1"	5	"5.00"	5
"YP_003044140.1"	30	"30.00"	30
"YP_003044141.1"	1	"1.00"	1
"YP_003044142.1"	1	"1.00"	1
"YP_003044143.1"	1	"1.00"	1
"YP_003044144.1"	21	"21.00"	21
"YP_003044145.1"	22	"22.00"	22
"YP_003044146.1"	107	"107.00"	107
"YP_003044147.1"	3	"3.00"	3
"YP_003044149.1"	14	"14.00"	14
"YP_003044150.1"	215	"215.00"	215
"YP_003044151.1"	31	"29.67"	29
"YP_003044152.1"	110	"110.00"	110
"YP_003044153.1"	35	"35.00"	35
"YP_003044154.1"	111	"111.00"	111
"YP_003044155.1"	1	"1.00"	1
"YP_003044167.1"	38	"38.00"	38
"YP_003044169.1"	44	"44.00"	44
"YP_003044170.1"	32	"32.00"	32
"YP_003044171.1"	20	"20.00"	20
"YP_003044173.1"	18	"18.00"	18
"YP_003044174.1"	8	"8.00"	8
"YP_003044175.1"	2	"2.00"	2
"YP_003044176.1"	18	"18.00"	18
"YP_003044177.1"	9	"9.00"	9
"YP_003044178.1"	7	"7.00"	7
"YP_003044179.1"	121	"121.00"	121
"YP_003044181.1"	1	"1.00"	1
"YP_003044183.1"	1	"1.00"	1
"YP_003044184.1"	12	"12.00"	12
"YP_003044185.1"	22	"22.00"	22
"YP_003044186.1"	1	"1.00"	1
"YP_003044187.1"	15	"15.00"	15
"YP_003044189.1"	18	"18.00"	18
"YP_003044190.1"	2	"2.00"	2
"YP_003044191.1"	3	"3.00"	3
"YP_003044196.1"	1	"1.00"	1
"YP_003044201.1"	1	"1.00"	1
"YP_003044203.1"	2	"2.00"	2
"YP_003044209.1"	2	"1.00"	0
"YP_003044210.1"	9	"4.50"	0
"YP_003044212.1"	8	"8.00"	8
"YP_003044213.1"	2	"2.00"	2
"YP_003044214.1"	1	"1.00"	1
"YP_003044218.1"	1	"1.00"	1
"YP_003044221.1"	12	"12.00"	12
"YP_003044223.1"	35	"35.00"	35
"YP_003044224.1"	4	"4.00"	4
"YP_003044225.1"	40	"40.00"	40
"YP_003044229.1"	1	"1.00"	1
"YP_003044235.1"	31	"31.00"	31
"YP_003044236.1"	4	"4.00"	4
"YP_003044238.1"	103	"103.00"	103
"YP_003044239.1"	12	"12.00"	12
"YP_003044243.1"	2	"1.50"	1
"YP_003044245.1"	1	"1.00"	1
"YP_003044248.1"	57	"57.00"	57
"YP_003044249.1"	38	"38.00"	38
"YP_003044250.1"	17	"17.00"	17
"YP_003044260.1"	6	"6.00"	6
"YP_003044261.1"	7	"7.00"	7
"YP_003044263.1"	84	"84.00"	84
"YP_003044264.1"	30	"30.00"	30
"YP_003044266.1"	7	"7.00"	7
"YP_003044268.1"	12	"12.00"	12
"YP_003044269.1"	12	"12.00"	12
"YP_003044270.1"	4	"4.00"	4
"YP_003044273.1"	70	"70.00"	70
"YP_003044275.1"	7	"7.00"	7
"YP_003044276.1"	61	"61.00"	61
"YP_003044277.1"	16	"16.00"	16
"YP_003044278.1"	20	"20.00"	20
"YP_003044280.1"	2	"2.00"	2
"YP_003044281.1"	25	"25.00"	25
"YP_003044282.1"	8	"8.00"	8
"YP_003044284.1"	46	"46.00"	46
"YP_003044285.1"	41	"41.00"	41
"YP_003044286.1"	5	"5.00"	5
"YP_003044287.1"	14	"14.00"	14
"YP_003044288.1"	14	"14.00"	14
"YP_003044289.1"	17	"17.00"	17
"YP_003044290.1"	113	"113.00"	113
"YP_003044291.1"	19	"19.00"	19
"YP_003044292.1"	31	"31.00"	31
"YP_003044293.1"	18	"18.00"	18
"YP_003044294.1"	25	"25.00"	25
"YP_003044295.1"	16	"16.00"	16
"YP_003044296.1"	46	"46.00"	46
"YP_003044297.1"	43	"43.00"	43
"YP_003044298.1"	207	"207.00"	207
"YP_003044300.1"	9	"9.00"	9
"YP_003044301.1"	16	"16.00"	16
"YP_003044302.1"	10	"10.00"	10
"YP_003044303.1"	64	"64.00"	64
"YP_003044304.1"	4	"4.00"	4
"YP_003044305.1"	42	"42.00"	42
"YP_003044306.1"	62	"62.00"	62
"YP_003044307.1"	38	"38.00"	38
"YP_003044308.1"	20	"20.00"	20
"YP_003044309.1"	266	"266.00"	266
"YP_003044310.1"	3	"3.00"	3
"YP_003044311.1"	2	"2.00"	2
"YP_003044312.1"	17	"17.00"	17
"YP_003044313.1"	5	"5.00"	5
"YP_003044314.1"	17	"17.00"	17
"YP_003044315.1"	22	"22.00"	22
"YP_003044316.1"	26	"26.00"	26
"YP_003044317.1"	17	"17.00"	17
"YP_003044319.1"	14	"14.00"	14
"YP_003044321.1"	10	"10.00"	10
"YP_003044322.1"	23	"23.00"	23
"YP_003044323.1"	21	"21.00"	21
"YP_003044327.1"	1	"1.00"	1
"YP_003044328.1"	51	"51.00"	51
"YP_003044330.1"	21	"21.00"	21
"YP_003044331.1"	11	"11.00"	11
"YP_003044332.1"	8	"8.00"	8
"YP_003044333.1"	6	"0.21"	0
"YP_003044335.1"	2	"2.00"	2
"YP_003044338.1"	63	"63.00"	63
"YP_003044341.1"	11	"11.00"	11
"YP_003044342.1"	9	"9.00"	9
"YP_003044343.1"	39	"39.00"	39
"YP_003044344.1"	13	"13.00"	13
"YP_003044345.1"	37	"37.00"	37
"YP_003044346.1"	70	"70.00"	70
"YP_003044347.1"	16	"16.00"	16
"YP_003044348.1"	23	"23.00"	23
"YP_003044349.1"	5	"5.00"	5
"YP_003044351.1"	240	"240.00"	240
"YP_003044354.1"	6	"6.00"	6
"YP_003044355.1"	3	"3.00"	3
"YP_003044365.1"	16	"16.00"	16
"YP_003044366.1"	54	"54.00"	54
"YP_003044367.1"	19	"19.00"	19
"YP_003044369.1"	20	"20.00"	20
"YP_003044370.1"	7	"7.00"	7
"YP_003044371.1"	19	"19.00"	19
"YP_003044372.1"	7	"7.00"	7
"YP_003044377.1"	23	"23.00"	23
"YP_003044379.1"	13	"13.00"	13
"YP_003044380.1"	9	"9.00"	9
"YP_003044381.1"	2	"2.00"	2
"YP_003044382.1"	10	"10.00"	10
"YP_003044383.1"	8	"8.00"	8
"YP_003044387.1"	9	"9.00"	9
"YP_003044388.1"	34	"34.00"	34
"YP_003044389.1"	49	"49.00"	49
"YP_003044390.1"	48	"48.00"	48
"YP_003044393.1"	73	"73.00"	73
"YP_003044394.1"	20	"20.00"	20
"YP_003044397.1"	111	"111.00"	111
"YP_003044398.1"	12	"12.00"	12
"YP_003044399.1"	19	"19.00"	19
"YP_003044400.1"	11	"11.00"	11
"YP_003044401.1"	20	"20.00"	20
"YP_003044405.1"	64	"64.00"	64
"YP_003044410.1"	1	"1.00"	1
"YP_003044412.1"	12	"12.00"	12
"YP_003044414.1"	11	"10.50"	10
"YP_003044417.1"	2	"2.00"	2
"YP_003044421.1"	28	"28.00"	28
"YP_003044423.1"	1	"1.00"	1
"YP_003044424.1"	3	"3.00"	3
"YP_003044425.1"	43	"43.00"	43
"YP_003044426.1"	67	"67.00"	67
"YP_003044427.1"	8	"8.00"	8
"YP_003044428.1"	252	"252.00"	252
"YP_003044430.1"	131	"131.00"	131
"YP_003044431.1"	7	"7.00"	7
"YP_003044433.1"	14	"14.00"	14
"YP_003044434.1"	24	"24.00"	24
"YP_003044435.1"	1	"1.00"	1
"YP_003044437.1"	7	"7.00"	7
"YP_003044438.1"	11	"11.00"	11
"YP_003044439.1"	15	"15.00"	15
"YP_003044440.1"	4	"4.00"	4
"YP_003044443.1"	6	"6.00"	6
"YP_003044447.1"	73	"73.00"	73
"YP_003044448.1"	91	"91.00"	91
"YP_003044449.1"	75	"75.00"	75
"YP_003044450.1"	57	"57.00"	57
"YP_003044451.1"	74	"74.00"	74
"YP_003044454.1"	18	"18.00"	18
"YP_003044455.1"	6	"0.21"	0
"YP_003044457.1"	8	"8.00"	8
"YP_003044458.1"	6	"6.00"	6
"YP_003044459.1"	27	"27.00"	27
"YP_003044460.1"	21	"21.00"	21
"YP_003044461.1"	2	"2.00"	2
"YP_003044462.1"	73	"73.00"	73
"YP_003044463.1"	44	"44.00"	44
"YP_003044464.1"	43	"43.00"	43
"YP_003044465.1"	10	"10.00"	10
"YP_003044467.1"	14	"14.00"	14
"YP_003044468.1"	7	"7.00"	7
"YP_003044469.1"	26	"26.00"	26
"YP_003044472.1"	40	"40.00"	40
"YP_003044473.1"	2	"2.00"	2
"YP_003044474.1"	92	"92.00"	92
"YP_003044475.1"	5	"5.00"	5
"YP_003044476.1"	95	"95.00"	95
"YP_003044478.1"	1	"1.00"	1
"YP_003044479.1"	2	"2.00"	2
"YP_003044482.1"	4	"4.00"	4
"YP_003044485.1"	18	"18.00"	18
"YP_003044487.1"	12	"12.00"	12
"YP_003044488.1"	2	"2.00"	2
"YP_003044489.1"	7	"7.00"	7
"YP_003044490.1"	8	"8.00"	8
"YP_003044491.1"	2	"2.00"	2
"YP_003044492.1"	98	"98.00"	98
"YP_003044493.1"	9	"9.00"	9
"YP_003044494.1"	5	"5.00"	5
"YP_003044496.1"	24	"24.00"	24
"YP_003044502.1"	1	"1.00"	1
"YP_003044508.1"	5	"5.00"	5
"YP_003044509.1"	18	"18.00"	18
"YP_003044510.1"	10	"10.00"	10
"YP_003044511.1"	28	"28.00"	28
"YP_003044512.1"	62	"62.00"	62
"YP_003044513.1"	9	"9.00"	9
"YP_003044514.1"	3	"3.00"	3
"YP_003044515.1"	7	"7.00"	7
"YP_003044517.1"	29	"29.00"	29
"YP_003044520.1"	29	"29.00"	29
"YP_003044521.1"	16	"16.00"	16
"YP_003044525.1"	2	"2.00"	2
"YP_003044526.1"	2	"2.00"	2
"YP_003044527.1"	2	"2.00"	2
"YP_003044530.1"	2	"2.00"	2
"YP_003044531.1"	17	"17.00"	17
"YP_003044537.1"	2	"1.00"	0
"YP_003044542.1"	1	"1.00"	1
"YP_003044546.1"	7	"7.00"	7
"YP_003044557.1"	13	"13.00"	13
"YP_003044558.1"	2	"0.67"	0
"YP_003044559.1"	53	"53.00"	53
"YP_003044561.1"	7	"7.00"	7
"YP_003044562.1"	37	"37.00"	37
"YP_003044564.1"	3	"3.00"	3
"YP_003044566.1"	2	"2.00"	2
"YP_003044577.1"	10	"10.00"	10
"YP_003044578.1"	4	"4.00"	4
"YP_003044579.1"	11	"11.00"	11
"YP_003044580.1"	127	"127.00"	127
"YP_003044581.1"	4	"2.00"	0
"YP_003044582.1"	6	"0.21"	0
"YP_003044589.1"	35	"35.00"	35
"YP_003044591.1"	46	"46.00"	46
"YP_003044593.1"	5	"5.00"	5
"YP_003044597.1"	6	"6.00"	6
"YP_003044598.1"	40	"40.00"	40
"YP_003044601.1"	1	"1.00"	1
"YP_003044602.1"	24	"24.00"	24
"YP_003044606.1"	11	"11.00"	11
"YP_003044610.1"	10	"10.00"	10
"YP_003044614.1"	2	"2.00"	2
"YP_003044615.1"	9	"9.00"	9
"YP_003044617.1"	5	"5.00"	5
"YP_003044618.1"	48	"48.00"	48
"YP_003044623.1"	1	"0.50"	0
"YP_003044632.1"	1	"1.00"	1
"YP_003044633.1"	1	"1.00"	1
"YP_003044640.1"	12	"6.00"	0
"YP_003044641.1"	4	"2.00"	0
"YP_003044645.1"	48	"48.00"	48
"YP_003044646.1"	8	"8.00"	8
"YP_003044648.1"	14	"14.00"	14
"YP_003044653.1"	7	"7.00"	7
"YP_003044660.1"	71	"71.00"	71
"YP_003044661.1"	22	"22.00"	22
"YP_003044662.1"	1	"1.00"	1
"YP_003044664.1"	24	"24.00"	24
"YP_003044674.1"	2	"2.00"	2
"YP_003044684.1"	6	"6.00"	6
"YP_003044685.1"	15	"15.00"	15
"YP_003044687.1"	1	"1.00"	1
"YP_003044690.1"	3	"3.00"	3
"YP_003044700.1"	45	"45.00"	45
"YP_003044701.1"	32	"32.00"	32
"YP_003044702.1"	19	"19.00"	19
"YP_003044703.1"	1	"1.00"	1
"YP_003044704.1"	2	"1.33"	1
"YP_003044717.1"	18	"18.00"	18
"YP_003044718.1"	1	"1.00"	1
"YP_003044725.1"	2	"2.00"	2
"YP_003044736.1"	1	"1.00"	1
"YP_003044741.1"	4	"4.00"	4
"YP_003044747.1"	3	"2.00"	1
"YP_003044752.1"	8	"8.00"	8
"YP_003044753.1"	7	"7.00"	7
"YP_003044755.1"	2	"2.00"	2
"YP_003044760.1"	4	"4.00"	4
"YP_003044763.1"	2	"2.00"	2
"YP_003044764.1"	2	"2.00"	2
"YP_003044767.1"	1	"1.00"	1
"YP_003044771.1"	30	"30.00"	30
"YP_003044772.1"	179	"179.00"	179
"YP_003044773.1"	66	"66.00"	66
"YP_003044774.1"	2	"1.00"	0
"YP_003044777.1"	24	"24.00"	24
"YP_003044778.1"	16	"16.00"	16
"YP_003044779.1"	3	"3.00"	3
"YP_003044780.1"	69	"69.00"	69
"YP_003044781.1"	127	"103.00"	79
"YP_003044782.1"	41	"41.00"	41
"YP_003044783.1"	67	"67.00"	67
"YP_003044784.1"	1	"1.00"	1
"YP_003044786.1"	2	"2.00"	2
"YP_003044787.1"	9	"9.00"	9
"YP_003044788.1"	7	"7.00"	7
"YP_003044789.1"	1	"1.00"	1
"YP_003044790.1"	1	"1.00"	1
"YP_003044791.1"	6	"6.00"	6
"YP_003044792.1"	12	"12.00"	12
"YP_003044793.1"	44	"44.00"	44
"YP_003044795.1"	1	"1.00"	1
"YP_003044799.1"	11	"11.00"	11
"YP_003044801.1"	7	"7.00"	7
"YP_003044803.1"	5	"5.00"	5
"YP_003044805.1"	38	"38.00"	38
"YP_003044806.1"	11	"11.00"	11
"YP_003044807.1"	89	"87.40"	87
"YP_003044808.1"	16	"16.00"	16
"YP_003044810.1"	18	"18.00"	18
"YP_003044811.1"	71	"71.00"	71
"YP_003044812.1"	9	"9.00"	9
"YP_003044814.1"	8	"8.00"	8
"YP_003044816.1"	2	"2.00"	2
"YP_003044817.1"	24	"24.00"	24
"YP_003044820.1"	30	"30.00"	30
"YP_003044821.1"	2	"2.00"	2
"YP_003044822.1"	2	"2.00"	2
"YP_003044823.1"	5	"3.40"	3
"YP_003044824.1"	14	"14.00"	14
"YP_003044826.1"	39	"39.00"	39
"YP_003044829.1"	36	"36.00"	36
"YP_003044832.1"	7	"7.00"	7
"YP_003044833.1"	10	"10.00"	10
"YP_003044835.1"	9	"9.00"	9
"YP_003044836.1"	18	"18.00"	18
"YP_003044840.1"	1	"1.00"	1
"YP_003044844.1"	4	"4.00"	4
"YP_003044845.1"	98	"98.00"	98
"YP_003044846.1"	18	"18.00"	18
"YP_003044847.1"	4	"4.00"	4
"YP_003044849.1"	12	"12.00"	12
"YP_003044850.1"	15	"15.00"	15
"YP_003044851.1"	19	"19.00"	19
"YP_003044852.1"	8	"8.00"	8
"YP_003044853.1"	8	"8.00"	8
"YP_003044854.1"	3	"3.00"	3
"YP_003044855.1"	11	"11.00"	11
"YP_003044856.1"	85	"85.00"	85
"YP_003044860.1"	1	"1.00"	1
"YP_003044861.1"	31	"31.00"	31
"YP_003044869.1"	1	"1.00"	1
"YP_003044870.1"	81	"81.00"	81
"YP_003044871.1"	9	"9.00"	9
"YP_003044872.1"	12	"12.00"	12
"YP_003044873.1"	2	"2.00"	2
"YP_003044874.1"	19	"19.00"	19
"YP_003044877.1"	3	"3.00"	3
"YP_003044878.1"	21	"21.00"	21
"YP_003044880.1"	24	"24.00"	24
"YP_003044881.1"	135	"135.00"	135
"YP_003044882.1"	82	"82.00"	82
"YP_003044884.1"	47	"47.00"	47
"YP_003044885.1"	6	"6.00"	6
"YP_003044886.1"	55	"55.00"	55
"YP_003044887.1"	88	"88.00"	88
"YP_003044890.1"	32	"32.00"	32
"YP_003044892.1"	17	"17.00"	17
"YP_003044893.1"	3	"3.00"	3
"YP_003044894.1"	29	"29.00"	29
"YP_003044896.1"	21	"21.00"	21
"YP_003044898.1"	2	"2.00"	2
"YP_003044899.1"	22	"22.00"	22
"YP_003044904.1"	1	"1.00"	1
"YP_003044905.1"	4	"4.00"	4
"YP_003044906.1"	7	"7.00"	7
"YP_003044907.1"	45	"45.00"	45
"YP_003044908.1"	2	"2.00"	2
"YP_003044910.1"	3	"3.00"	3
"YP_003044912.1"	4	"4.00"	4
"YP_003044914.1"	2	"2.00"	2
"YP_003044915.1"	6	"6.00"	6
"YP_003044916.1"	36	"36.00"	36
"YP_003044919.1"	1	"1.00"	1
"YP_003044920.1"	3	"3.00"	3
"YP_003044923.1"	8	"8.00"	8
"YP_003044924.1"	1	"1.00"	1
"YP_003044925.1"	5	"5.00"	5
"YP_003044927.1"	200	"200.00"	200
"YP_003044930.1"	27	"27.00"	27
"YP_003044931.1"	33	"33.00"	33
"YP_003044932.1"	23	"23.00"	23
"YP_003044933.1"	15	"15.00"	15
"YP_003044936.1"	7	"7.00"	7
"YP_003044937.1"	1	"1.00"	1
"YP_003044939.1"	2	"2.00"	2
"YP_003044943.1"	10	"10.00"	10
"YP_003044944.1"	17	"17.00"	17
"YP_003044945.1"	659	"656.00"	653
"YP_003044946.1"	50	"50.00"	50
"YP_003044947.1"	1	"1.00"	1
"YP_003044948.1"	6	"6.00"	6
"YP_003044953.1"	4	"4.00"	4
"YP_003044956.1"	2	"2.00"	2
"YP_003044958.1"	6	"6.00"	6
"YP_003044959.1"	4	"4.00"	4
"YP_003044960.1"	4	"4.00"	4
"YP_003044971.1"	2	"2.00"	2
"YP_003044972.1"	33	"33.00"	33
"YP_003044973.1"	8	"8.00"	8
"YP_003044974.1"	13	"13.00"	13
"YP_003044976.1"	6	"6.00"	6
"YP_003044977.1"	6	"6.00"	6
"YP_003044979.1"	24	"24.00"	24
"YP_003044981.1"	11	"11.00"	11
"YP_003044983.1"	1	"1.00"	1
"YP_003044984.1"	35	"35.00"	35
"YP_003044985.1"	3	"3.00"	3
"YP_003044986.1"	13	"13.00"	13
"YP_003044989.1"	10	"10.00"	10
"YP_003044990.1"	197	"196.50"	196
"YP_003044995.1"	32	"32.00"	32
"YP_003044997.1"	10	"10.00"	10
"YP_003044998.1"	52	"52.00"	52
"YP_003044999.1"	58	"58.00"	58
"YP_003045000.1"	10	"10.00"	10
"YP_003045002.1"	26	"24.50"	23
"YP_003045003.1"	11	"11.00"	11
"YP_003045004.1"	2	"2.00"	2
"YP_003045007.1"	8	"8.00"	8
"YP_003045009.1"	5	"5.00"	5
"YP_003045012.1"	4	"4.00"	4
"YP_003045013.1"	6	"6.00"	6
"YP_003045014.1"	6	"6.00"	6
"YP_003045015.1"	7	"7.00"	7
"YP_003045016.1"	19	"19.00"	19
"YP_003045017.1"	87	"87.00"	87
"YP_003045018.1"	46	"46.00"	46
"YP_003045020.1"	76	"76.00"	76
"YP_003045021.1"	28	"28.00"	28
"YP_003045022.1"	90	"90.00"	90
"YP_003045023.1"	15	"15.00"	15
"YP_003045024.1"	1	"1.00"	1
"YP_003045025.1"	17	"17.00"	17
"YP_003045026.1"	4	"4.00"	4
"YP_003045028.1"	24	"24.00"	24
"YP_003045029.1"	8	"8.00"	8
"YP_003045031.1"	3	"3.00"	3
"YP_003045032.1"	19	"19.00"	19
"YP_003045033.1"	3	"3.00"	3
"YP_003045034.1"	115	"115.00"	115
"YP_003045035.1"	4	"4.00"	4
"YP_003045038.1"	9	"9.00"	9
"YP_003045039.1"	8	"8.00"	8
"YP_003045040.1"	4	"4.00"	4
"YP_003045042.1"	10	"10.00"	10
"YP_003045043.1"	12	"12.00"	12
"YP_003045044.1"	78	"78.00"	78
"YP_003045047.1"	38	"38.00"	38
"YP_003045048.1"	4	"4.00"	4
"YP_003045056.1"	2	"2.00"	2
"YP_003045057.1"	1	"1.00"	1
"YP_003045059.1"	9	"9.00"	9
"YP_003045060.1"	9	"9.00"	9
"YP_003045061.1"	4	"4.00"	4
"YP_003045062.1"	5	"5.00"	5
"YP_003045063.1"	1	"1.00"	1
"YP_003045065.1"	7	"5.50"	5
"YP_003045066.1"	22	"22.00"	22
"YP_003045068.1"	18	"18.00"	18
"YP_003045069.1"	9	"9.00"	9
"YP_003045070.1"	45	"45.00"	45
"YP_003045073.1"	16	"16.00"	16
"YP_003045075.1"	5	"5.00"	5
"YP_003045077.1"	6	"0.21"	0
"YP_003045082.1"	2	"2.00"	2
"YP_003045083.1"	3	"3.00"	3
"YP_003045087.1"	23	"23.00"	23
"YP_003045088.1"	3	"3.00"	3
"YP_003045090.1"	47	"47.00"	47
"YP_003045091.1"	5	"5.00"	5
"YP_003045092.1"	2	"2.00"	2
"YP_003045093.1"	8	"8.00"	8
"YP_003045095.1"	7	"5.00"	3
"YP_003045096.1"	2	"2.00"	2
"YP_003045104.1"	41	"41.00"	41
"YP_003045105.1"	1	"1.00"	1
"YP_003045106.1"	4	"4.00"	4
"YP_003045108.1"	25	"25.00"	25
"YP_003045109.1"	5	"5.00"	5
"YP_003045113.1"	26	"26.00"	26
"YP_003045115.1"	46	"45.00"	44
"YP_003045116.1"	33	"32.50"	32
"YP_003045117.1"	57	"57.00"	57
"YP_003045118.1"	66	"66.00"	66
"YP_003045119.1"	42	"42.00"	42
"YP_003045120.1"	35	"34.00"	33
"YP_003045121.1"	53	"53.00"	53
"YP_003045122.1"	13	"13.00"	13
"YP_003045123.1"	63	"63.00"	63
"YP_003045125.1"	144	"144.00"	144
"YP_003045126.1"	6	"4.00"	2
"YP_003045129.1"	6	"0.21"	0
"YP_003045130.1"	4	"4.00"	4
"YP_003045131.1"	9	"9.00"	9
"YP_003045133.1"	3	"3.00"	3
"YP_003045134.1"	10	"10.00"	10
"YP_003045135.1"	13	"13.00"	13
"YP_003045136.1"	56	"56.00"	56
"YP_003045138.1"	15	"15.00"	15
"YP_003045139.1"	22	"22.00"	22
"YP_003045140.1"	23	"23.00"	23
"YP_003045141.1"	58	"56.50"	55
"YP_003045142.1"	35	"35.00"	35
"YP_003045148.1"	4	"2.00"	0
"YP_003045152.1"	2	"2.00"	2
"YP_003045160.1"	2	"2.00"	2
"YP_003045163.1"	2	"2.00"	2
"YP_003045164.1"	26	"26.00"	26
"YP_003045165.1"	20	"20.00"	20
"YP_003045166.1"	19	"19.00"	19
"YP_003045169.1"	1	"1.00"	1
"YP_003045173.1"	1	"1.00"	1
"YP_003045175.1"	2	"2.00"	2
"YP_003045177.1"	6	"6.00"	6
"YP_003045178.1"	19	"19.00"	19
"YP_003045180.1"	26	"26.00"	26
"YP_003045193.1"	1	"1.00"	1
"YP_003045197.1"	4	"4.00"	4
"YP_003045204.1"	1	"1.00"	1
"YP_003045205.1"	4	"4.00"	4
"YP_003045210.1"	3	"3.00"	3
"YP_003045215.1"	6	"0.21"	0
"YP_003045218.1"	18	"18.00"	18
"YP_003045219.1"	1	"1.00"	1
"YP_003045220.1"	16	"16.00"	16
"YP_003045221.1"	2	"2.00"	2
"YP_003045222.1"	4	"4.00"	4
"YP_003045224.1"	10	"10.00"	10
"YP_003045225.1"	8	"8.00"	8
"YP_003045226.1"	14	"14.00"	14
"YP_003045227.1"	1	"1.00"	1
"YP_003045234.1"	6	"0.21"	0
"YP_003045236.1"	22	"22.00"	22
"YP_003045237.1"	115	"115.00"	115
"YP_003045246.1"	16	"16.00"	16
"YP_003045247.1"	14	"14.00"	14
"YP_003045248.1"	1	"1.00"	1
"YP_003045254.1"	2	"2.00"	2
"YP_003045255.1"	71	"70.00"	69
"YP_003045256.1"	82	"82.00"	82
"YP_003045257.1"	7	"7.00"	7
"YP_003045262.1"	1	"1.00"	1
"YP_003045265.1"	15	"15.00"	15
"YP_003045266.1"	1	"1.00"	1
"YP_003045268.1"	1	"1.00"	1
"YP_003045270.1"	10	"10.00"	10
"YP_003045271.1"	170	"168.50"	168
"YP_003045272.1"	407	"407.00"	407
"YP_003045273.1"	14	"14.00"	14
"YP_003045275.1"	93	"92.50"	92
"YP_003045276.1"	11	"11.00"	11
"YP_003045277.1"	39	"39.00"	39
"YP_003045278.1"	2	"2.00"	2
"YP_003045279.1"	4	"4.00"	4
"YP_003045281.1"	5	"5.00"	5
"YP_003045289.1"	17	"17.00"	17
"YP_003045290.1"	9	"9.00"	9
"YP_003045291.1"	46	"46.00"	46
"YP_003045294.1"	5	"5.00"	5
"YP_003045295.1"	10	"9.33"	9
"YP_003045296.1"	5	"5.00"	5
"YP_003045297.1"	1	"1.00"	1
"YP_003045298.1"	5	"5.00"	5
"YP_003045300.1"	1	"1.00"	1
"YP_003045301.1"	1	"1.00"	1
"YP_003045303.1"	3	"3.00"	3
"YP_003045304.1"	5	"5.00"	5
"YP_003045306.1"	21	"21.00"	21
"YP_003045307.1"	1	"1.00"	1
"YP_003045308.1"	82	"82.00"	82
"YP_003045309.1"	36	"36.00"	36
"YP_003045310.1"	5	"5.00"	5
"YP_003045311.1"	10	"10.00"	10
"YP_003045312.1"	1	"1.00"	1
"YP_003045313.1"	12	"11.50"	11
"YP_003045314.1"	1	"1.00"	1
"YP_003045315.1"	7	"7.00"	7
"YP_003045330.1"	1	"1.00"	1
"YP_003045331.1"	2	"2.00"	2
"YP_003045337.1"	6	"0.21"	0
"YP_003045338.1"	9	"9.00"	9
"YP_003045340.1"	4	"4.00"	4
"YP_003045349.1"	1	"1.00"	1
"YP_003045350.1"	115	"115.00"	115
"YP_003045351.1"	45	"45.00"	45
"YP_003045353.1"	63	"63.00"	63
"YP_003045354.1"	30	"30.00"	30
"YP_003045358.1"	83	"83.00"	83
"YP_003045359.1"	14	"14.00"	14
"YP_003045360.1"	42	"42.00"	42
"YP_003045361.1"	29	"29.00"	29
"YP_003045362.1"	15	"15.00"	15
"YP_003045368.1"	37	"37.00"	37
"YP_003045370.1"	1	"1.00"	1
"YP_003045375.1"	2	"1.00"	0
"YP_003045376.1"	2	"2.00"	2
"YP_003045379.1"	8	"8.00"	8
"YP_003045381.1"	2	"2.00"	2
"YP_003045382.1"	25	"25.00"	25
"YP_003045386.1"	3	"3.00"	3
"YP_003045387.1"	2	"2.00"	2
"YP_003045388.1"	5	"5.00"	5
"YP_003045389.1"	4	"4.00"	4
"YP_003045396.1"	6	"6.00"	6
"YP_003045398.1"	28	"28.00"	28
"YP_003045399.1"	1	"1.00"	1
"YP_003045400.1"	162	"162.00"	162
"YP_003045401.1"	91	"91.00"	91
"YP_003045402.1"	32	"32.00"	32
"YP_003045403.1"	141	"141.00"	141
"YP_003045404.1"	43	"43.00"	43
"YP_003045405.1"	3	"3.00"	3
"YP_003045406.1"	15	"14.00"	13
"YP_003045407.1"	22	"22.00"	22
"YP_003045408.1"	14	"14.00"	14
"YP_003045410.1"	27	"27.00"	27
"YP_003045411.1"	46	"46.00"	46
"YP_003045413.1"	76	"76.00"	76
"YP_003045414.1"	118	"118.00"	118
"YP_003045416.1"	35	"35.00"	35
"YP_003045417.1"	11	"11.00"	11
"YP_003045418.1"	7	"7.00"	7
"YP_003045420.1"	10	"9.50"	9
"YP_003045421.1"	16	"16.00"	16
"YP_003045423.1"	13	"13.00"	13
"YP_003045425.1"	3	"3.00"	3
"YP_003045426.1"	97	"97.00"	97
"YP_003045427.1"	66	"66.00"	66
"YP_003045428.1"	4	"4.00"	4
"YP_003045429.1"	63	"63.00"	63
"YP_003045431.1"	9	"9.00"	9
"YP_003045432.1"	30	"30.00"	30
"YP_003045433.1"	48	"48.00"	48
"YP_003045435.1"	5	"5.00"	5
"YP_003045436.1"	20	"20.00"	20
"YP_003045437.1"	51	"51.00"	51
"YP_003045438.1"	3	"3.00"	3
"YP_003045440.1"	70	"70.00"	70
"YP_003045441.1"	3	"3.00"	3
"YP_003045442.1"	9	"9.00"	9
"YP_003045443.1"	2	"2.00"	2
"YP_003045445.1"	3	"3.00"	3
"YP_003045446.1"	37	"37.00"	37
"YP_003045447.1"	26	"26.00"	26
"YP_003045448.1"	2	"2.00"	2
"YP_003045453.1"	1	"1.00"	1
"YP_003045454.1"	1	"1.00"	1
"YP_003045456.1"	18	"18.00"	18
"YP_003045457.1"	19	"19.00"	19
"YP_003045458.1"	31	"31.00"	31
"YP_003045459.1"	4	"4.00"	4
"YP_003045460.1"	31	"31.00"	31
"YP_003045462.1"	6	"0.21"	0
"YP_003045463.1"	11	"11.00"	11
"YP_003045467.1"	14	"14.00"	14
"YP_003045471.1"	1	"1.00"	1
"YP_003045480.1"	24	"24.00"	24
"YP_003045481.1"	1	"1.00"	1
"YP_003045482.1"	8	"8.00"	8
"YP_003045483.1"	1	"1.00"	1
"YP_003045489.1"	45	"45.00"	45
"YP_003045495.1"	2	"2.00"	2
"YP_003045497.1"	80	"80.00"	80
"YP_003045502.1"	26	"26.00"	26
"YP_003045503.1"	34	"34.00"	34
"YP_003045505.1"	504	"504.00"	504
"YP_003045506.1"	81	"81.00"	81
"YP_003045507.1"	120	"120.00"	120
"YP_003045508.1"	35	"35.00"	35
"YP_003045509.1"	5	"5.00"	5
"YP_003045510.1"	2	"2.00"	2
"YP_003045511.1"	3	"3.00"	3
"YP_003045512.1"	42	"42.00"	42
"YP_003045513.1"	36	"36.00"	36
"YP_003045516.1"	109	"109.00"	109
"YP_003045517.1"	8	"8.00"	8
"YP_003045519.1"	22	"22.00"	22
"YP_003045520.1"	4	"4.00"	4
"YP_003045522.1"	21	"21.00"	21
"YP_003045523.1"	23	"23.00"	23
"YP_003045525.1"	11	"11.00"	11
"YP_003045526.1"	1	"1.00"	1
"YP_003045527.1"	1	"1.00"	1
"YP_003045532.1"	4	"4.00"	4
"YP_003045534.1"	1	"1.00"	1
"YP_003045536.1"	1	"1.00"	1
"YP_003045539.1"	1	"1.00"	1
"YP_003045545.1"	138	"138.00"	138
"YP_003045546.1"	21	"18.00"	15
"YP_003045547.1"	37	"32.00"	27
"YP_003045549.1"	5	"5.00"	5
"YP_003045550.1"	6	"3.00"	0
"YP_003045553.1"	10	"10.00"	10
"YP_003045554.1"	31	"31.00"	31
"YP_003045556.1"	2	"2.00"	2
"YP_003045557.1"	4	"4.00"	4
"YP_003045558.1"	16	"16.00"	16
"YP_003045559.1"	70	"70.00"	70
"YP_003045560.1"	91	"91.00"	91
"YP_003045561.1"	51	"51.00"	51
"YP_003045562.1"	11	"11.00"	11
"YP_003045563.1"	54	"54.00"	54
"YP_003045576.1"	27	"27.00"	27
"YP_003045577.1"	22	"22.00"	22
"YP_003045578.1"	6	"6.00"	6
"YP_003045580.1"	46	"46.00"	46
"YP_003045581.1"	82	"82.00"	82
"YP_003045582.1"	29	"29.00"	29
"YP_003045583.1"	20	"20.00"	20
"YP_003045584.1"	20	"20.00"	20
"YP_003045589.1"	87	"87.00"	87
"YP_003045590.1"	111	"111.00"	111
"YP_003045591.1"	6	"6.00"	6
"YP_003045593.1"	57	"57.00"	57
"YP_003045594.1"	61	"61.00"	61
"YP_003045595.1"	45	"45.00"	45
"YP_003045596.1"	110	"110.00"	110
"YP_003045597.1"	61	"61.00"	61
"YP_003045598.1"	27	"27.00"	27
"YP_003045599.1"	11	"11.00"	11
"YP_003045600.1"	71	"71.00"	71
"YP_003045602.1"	24	"24.00"	24
"YP_003045603.1"	19	"19.00"	19
"YP_003045604.1"	11	"11.00"	11
"YP_003045605.1"	79	"79.00"	79
"YP_003045606.1"	8	"8.00"	8
"YP_003045607.1"	17	"17.00"	17
"YP_003045608.1"	65	"65.00"	65
"YP_003045609.1"	12	"12.00"	12
"YP_003045610.1"	10	"10.00"	10
"YP_003045611.1"	28	"28.00"	28
"YP_003045612.1"	147	"147.00"	147
"YP_003045613.1"	45	"45.00"	45
"YP_003045614.1"	20	"20.00"	20
"YP_003045615.1"	34	"34.00"	34
"YP_003045619.1"	8	"8.00"	8
"YP_003045631.1"	3	"3.00"	3
"YP_003045633.1"	211	"211.00"	211
"YP_003045634.1"	8	"8.00"	8
"YP_003045635.1"	19	"19.00"	19
"YP_003045636.1"	1	"1.00"	1
"YP_003045638.1"	6	"6.00"	6
"YP_003045639.1"	336	"335.00"	334
"YP_003045640.1"	6	"0.21"	0
"YP_003045643.1"	3	"3.00"	3
"YP_003045647.1"	11	"11.00"	11
"YP_003045649.1"	11	"11.00"	11
"YP_003045650.1"	18	"18.00"	18
"YP_003045651.1"	55	"55.00"	55
"YP_003045652.1"	68	"68.00"	68
"YP_003045653.1"	1	"1.00"	1
"YP_003045654.1"	47	"47.00"	47
"YP_003045655.1"	12	"12.00"	12
"YP_003045656.1"	12	"12.00"	12
"YP_003045657.1"	2	"2.00"	2
"YP_003045658.1"	2	"2.00"	2
"YP_003045659.1"	29	"29.00"	29
"YP_003045660.1"	1	"1.00"	1
"YP_003045662.1"	17	"17.00"	17
"YP_003045663.1"	5	"5.00"	5
"YP_003045664.1"	40	"40.00"	40
"YP_003045665.1"	9	"9.00"	9
"YP_003045667.1"	11	"11.00"	11
"YP_003045668.1"	53	"53.00"	53
"YP_003045670.1"	2	"2.00"	2
"YP_003045671.1"	231	"231.00"	231
"YP_003045673.1"	13	"13.00"	13
"YP_003045674.1"	31	"31.00"	31
"YP_003045675.1"	51	"51.00"	51
"YP_003045677.1"	43	"43.00"	43
"YP_003045678.1"	77	"77.00"	77
"YP_003045679.1"	70	"68.00"	66
"YP_003045684.1"	77	"76.00"	75
"YP_003045685.1"	10	"10.00"	10
"YP_003045686.1"	16	"16.00"	16
"YP_003045687.1"	45	"45.00"	45
"YP_003045688.1"	43	"43.00"	43
"YP_003045690.1"	12	"12.00"	12
"YP_003045691.1"	45	"45.00"	45
"YP_003045692.1"	6	"6.00"	6
"YP_003045694.1"	5	"5.00"	5
"YP_003045695.1"	6	"6.00"	6
"YP_003045696.1"	4	"4.00"	4
"YP_003045697.1"	2	"2.00"	2
"YP_003045698.1"	2	"2.00"	2
"YP_003045700.1"	1	"1.00"	1
"YP_003045702.1"	6	"0.21"	0
"YP_003045704.1"	6	"6.00"	6
"YP_003045705.1"	1	"1.00"	1
"YP_003045706.1"	35	"35.00"	35
"YP_003045707.1"	39	"39.00"	39
"YP_003045710.1"	11	"11.00"	11
"YP_003045713.1"	4	"3.00"	2
"YP_003045714.1"	31	"31.00"	31
"YP_003045720.1"	4	"4.00"	4
"YP_003045721.1"	2	"2.00"	2
"YP_003045724.1"	2	"2.00"	2
"YP_003045728.1"	12	"11.50"	11
"YP_003045729.1"	27	"27.00"	27
"YP_003045731.1"	55	"55.00"	55
"YP_003045732.1"	33	"33.00"	33
"YP_003045734.1"	8	"8.00"	8
"YP_003045735.1"	6	"5.00"	4
"YP_003045736.1"	188	"188.00"	188
"YP_003045737.1"	1	"1.00"	1
"YP_003045738.1"	67	"67.00"	67
"YP_003045739.1"	19	"19.00"	19
"YP_003045740.1"	9	"9.00"	9
"YP_003045743.1"	7	"7.00"	7
"YP_003045746.1"	2	"2.00"	2
"YP_003045747.1"	17	"17.00"	17
"YP_003045753.1"	2	"2.00"	2
"YP_003045754.1"	2	"1.00"	0
"YP_003045756.1"	3	"3.00"	3
"YP_003045766.1"	5	"5.00"	5
"YP_003045770.1"	1	"1.00"	1
"YP_003045772.1"	31	"31.00"	31
"YP_003045774.1"	1	"1.00"	1
"YP_003045780.1"	3	"2.00"	1
"YP_003045781.1"	13	"13.00"	13
"YP_003045782.1"	7	"7.00"	7
"YP_003045783.1"	12	"12.00"	12
"YP_003045784.1"	19	"19.00"	19
"YP_003045785.1"	18	"18.00"	18
"YP_003045786.1"	6	"6.00"	6
"YP_003045787.1"	2	"2.00"	2
"YP_003045789.1"	11	"11.00"	11
"YP_003045790.1"	57	"57.00"	57
"YP_003045791.1"	42	"42.00"	42
"YP_003045792.1"	1	"1.00"	1
"YP_003045796.1"	69	"69.00"	69
"YP_003045797.1"	143	"143.00"	143
"YP_003045798.1"	153	"153.00"	153
"YP_003045799.1"	6	"6.00"	6
"YP_003045804.1"	1	"1.00"	1
"YP_003045809.1"	2	"2.00"	2
"YP_003045811.1"	10	"10.00"	10
"YP_003045813.1"	410	"410.00"	410
"YP_003045814.1"	61	"61.00"	61
"YP_003045815.1"	6	"6.00"	6
"YP_003045816.1"	7	"7.00"	7
"YP_003045817.1"	1	"1.00"	1
"YP_003045818.1"	25	"25.00"	25
"YP_003045819.1"	8	"8.00"	8
"YP_003045820.1"	6	"6.00"	6
"YP_003045821.1"	1	"1.00"	1
"YP_003045824.1"	5	"5.00"	5
"YP_003045826.1"	2	"2.00"	2
"YP_003045828.1"	27	"27.00"	27
"YP_003045829.1"	38	"38.00"	38
"YP_003045831.1"	1	"1.00"	1
"YP_003045832.1"	4	"4.00"	4
"YP_003045833.1"	1	"1.00"	1
"YP_003045835.1"	6	"0.21"	0
"YP_003045836.1"	7	"7.00"	7
"YP_003045838.1"	25	"25.00"	25
"YP_003045840.1"	8	"6.50"	6
"YP_003045841.1"	45	"45.00"	45
"YP_003045843.1"	14	"14.00"	14
"YP_003045844.1"	7	"7.00"	7
"YP_003045845.1"	8	"8.00"	8
"YP_003045847.1"	3	"3.00"	3
"YP_003045848.1"	1	"1.00"	1
"YP_003045849.1"	11	"11.00"	11
"YP_003045850.1"	16	"16.00"	16
"YP_003045851.1"	4	"4.00"	4
"YP_003045852.1"	16	"16.00"	16
"YP_003045853.1"	9	"9.00"	9
"YP_003045854.1"	37	"37.00"	37
"YP_003045855.1"	2	"2.00"	2
"YP_003045856.1"	1	"1.00"	1
"YP_003045857.1"	50	"50.00"	50
"YP_003045858.1"	7	"5.40"	5
"YP_003045863.1"	17	"17.00"	17
"YP_003045864.1"	6	"6.00"	6
"YP_003045865.1"	28	"28.00"	28
"YP_003045866.1"	3	"3.00"	3
"YP_003045867.1"	1	"1.00"	1
"YP_003045869.1"	10	"10.00"	10
"YP_003045870.1"	21	"21.00"	21
"YP_003045872.1"	5	"5.00"	5
"YP_003045873.1"	6	"6.00"	6
"YP_003045874.1"	33	"33.00"	33
"YP_003045878.1"	6	"6.00"	6
"YP_003045880.1"	45	"45.00"	45
"YP_003045887.1"	1	"1.00"	1
"YP_003045890.1"	1	"1.00"	1
"YP_003045892.1"	1	"1.00"	1
"YP_003045899.1"	4	"4.00"	4
"YP_003045907.1"	2	"2.00"	2
"YP_003045908.1"	1	"1.00"	1
"YP_003045909.1"	2	"2.00"	2
"YP_003045910.1"	94	"90.50"	87
"YP_003045911.1"	37	"37.00"	37
"YP_003045912.1"	15	"15.00"	15
"YP_003045913.1"	17	"17.00"	17
"YP_003045914.1"	9	"9.00"	9
"YP_003045915.1"	6	"6.00"	6
"YP_003045917.1"	2	"2.00"	2
"YP_003045918.1"	41	"41.00"	41
"YP_003045920.1"	12	"12.00"	12
"YP_003045921.1"	23	"23.00"	23
"YP_003045923.1"	104	"104.00"	104
"YP_003045924.1"	1	"1.00"	1
"YP_003045925.1"	33	"33.00"	33
"YP_003045926.1"	11	"11.00"	11
"YP_003045927.1"	11	"11.00"	11
"YP_003045928.1"	31	"31.00"	31
"YP_003045929.1"	9	"9.00"	9
"YP_003045930.1"	14	"14.00"	14
"YP_003045932.1"	116	"116.00"	116
"YP_003045933.1"	38	"38.00"	38
"YP_003045935.1"	24	"24.00"	24
"YP_003045941.1"	13	"13.00"	13
"YP_003045943.1"	6	"6.00"	6
"YP_003045944.1"	202	"201.00"	200
"YP_003045945.1"	321	"321.00"	321
"YP_003045946.1"	22	"22.00"	22
"YP_003045951.1"	1	"1.00"	1
"YP_003045953.1"	229	"223.00"	217
"YP_003045954.1"	14	"14.00"	14
"YP_003045955.1"	11	"11.00"	11
"YP_003045956.1"	69	"69.00"	69
"YP_003045960.1"	146	"146.00"	146
"YP_003045963.1"	1	"1.00"	1
"YP_003045964.1"	13	"13.00"	13
"YP_003045965.1"	39	"39.00"	39
"YP_003045966.1"	19	"19.00"	19
"YP_003045967.1"	4	"4.00"	4
"YP_003045969.1"	20	"20.00"	20
"YP_003045970.1"	6	"6.00"	6
"YP_003045971.1"	4	"4.00"	4
"YP_003045972.1"	14	"14.00"	14
"YP_003045973.1"	4	"4.00"	4
"YP_003045974.1"	1	"0.50"	0
"YP_003045975.1"	1	"1.00"	1
"YP_003045976.1"	14	"14.00"	14
"YP_003045977.1"	10	"10.00"	10
"YP_003045978.1"	8	"8.00"	8
"YP_003045979.1"	2	"2.00"	2
"YP_003045980.1"	19	"19.00"	19
"YP_003045981.1"	6	"6.00"	6
"YP_003045983.1"	29	"28.50"	28
"YP_003045986.1"	5	"5.00"	5
"YP_003045987.1"	22	"22.00"	22
"YP_003045989.1"	2	"2.00"	2
"YP_003046001.1"	30	"30.00"	30
"YP_003046002.1"	21	"21.00"	21
"YP_003046003.1"	43	"43.00"	43
"YP_003046004.1"	17	"17.00"	17
"YP_003046005.1"	10	"10.00"	10
"YP_003046008.1"	5	"5.00"	5
"YP_003046011.1"	6	"0.21"	0
"YP_003046012.1"	10	"10.00"	10
"YP_003046013.1"	29	"29.00"	29
"YP_003046022.1"	1	"1.00"	1
"YP_003046030.1"	29	"29.00"	29
"YP_003046031.1"	9	"9.00"	9
"YP_003046039.1"	2	"0.22"	0
"YP_003046041.1"	1	"0.50"	0
"YP_003046042.1"	2	"2.00"	2
"YP_003046044.1"	1	"1.00"	1
"YP_003046050.1"	9	"9.00"	9
"YP_003046051.1"	26	"26.00"	26
"YP_003046055.1"	1	"1.00"	1
"YP_003046061.1"	20	"20.00"	20
"YP_003046062.1"	7	"7.00"	7
"YP_003046064.1"	15	"15.00"	15
"YP_003046065.1"	16	"16.00"	16
"YP_003046066.1"	20	"20.00"	20
"YP_003046069.1"	60	"60.00"	60
"YP_003046070.1"	18	"18.00"	18
"YP_003046073.1"	7	"7.00"	7
"YP_003046074.1"	9	"9.00"	9
"YP_003046075.1"	13	"13.00"	13
"YP_003046076.1"	37	"37.00"	37
"YP_003046081.1"	8	"8.00"	8
"YP_003046082.1"	1	"1.00"	1
"YP_003046083.1"	7	"7.00"	7
"YP_003046085.1"	13	"13.00"	13
"YP_003046086.1"	15	"15.00"	15
"YP_003046087.1"	18	"18.00"	18
"YP_003046089.1"	7	"7.00"	7
"YP_003046090.1"	5	"5.00"	5
"YP_003046091.1"	9	"9.00"	9
"YP_003046092.1"	97	"97.00"	97
"YP_003046094.1"	8	"8.00"	8
"YP_003046095.1"	22	"22.00"	22
"YP_003046098.1"	16	"16.00"	16
"YP_003046099.1"	15	"15.00"	15
"YP_003046107.1"	55	"55.00"	55
"YP_003046108.1"	24	"24.00"	24
"YP_003046109.1"	18	"18.00"	18
"YP_003046110.1"	45	"45.00"	45
"YP_003046111.1"	14	"14.00"	14
"YP_003046113.1"	6	"6.00"	6
"YP_003046114.1"	1	"1.00"	1
"YP_003046119.1"	11	"11.00"	11
"YP_003046120.1"	32	"32.00"	32
"YP_003046121.1"	16	"16.00"	16
"YP_003046122.1"	98	"97.00"	96
"YP_003046123.1"	11	"11.00"	11
"YP_003046124.1"	23	"23.00"	23
"YP_003046125.1"	6	"6.00"	6
"YP_003046127.1"	12	"12.00"	12
"YP_003046129.1"	2	"2.00"	2
"YP_003046135.1"	28	"28.00"	28
"YP_003046136.1"	2	"2.00"	2
"YP_003046138.1"	7	"7.00"	7
"YP_003046141.1"	10	"10.00"	10
"YP_003046143.1"	2	"2.00"	2
"YP_003046145.1"	9	"9.00"	9
"YP_003046146.1"	25	"25.00"	25
"YP_003046148.1"	18	"18.00"	18
"YP_003046152.1"	4	"4.00"	4
"YP_003046156.1"	9	"9.00"	9
"YP_003046159.1"	9	"9.00"	9
"YP_003046162.1"	2	"2.00"	2
"YP_003046165.1"	1	"1.00"	1
"YP_003046166.1"	10	"5.00"	0
"YP_003046167.1"	1	"1.00"	1
"YP_003046169.1"	2	"1.00"	0
"YP_003046173.1"	1	"1.00"	1
"YP_003046175.1"	13	"11.50"	10
"YP_003046181.1"	2	"2.00"	2
"YP_003046183.1"	3	"3.00"	3
"YP_003046185.1"	1	"0.50"	0
"YP_003046198.1"	49	"49.00"	49
"YP_003046199.1"	47	"47.00"	47
"YP_003046201.1"	11	"11.00"	11
"YP_003046202.1"	22	"22.00"	22
"YP_003046204.1"	2	"2.00"	2
"YP_003046208.1"	18	"18.00"	18
"YP_003046209.1"	3	"3.00"	3
"YP_003046212.1"	15	"15.00"	15
"YP_003046214.1"	63	"63.00"	63
"YP_003046215.1"	10	"10.00"	10
"YP_003046216.1"	190	"190.00"	190
"YP_003046217.1"	38	"38.00"	38
"YP_003046218.1"	11	"11.00"	11
"YP_003046219.1"	21	"21.00"	21
"YP_003046220.1"	195	"195.00"	195
"YP_003046221.1"	97	"97.00"	97
"YP_003046222.1"	6	"6.00"	6
"YP_003046223.1"	138	"138.00"	138
"YP_003046225.1"	14	"14.00"	14
"YP_003046226.1"	76	"76.00"	76
"YP_003046227.1"	20	"20.00"	20
"YP_003046228.1"	151	"151.00"	151
"YP_003046229.1"	11	"11.00"	11
"YP_003046230.1"	13	"13.00"	13
"YP_003046231.1"	50	"50.00"	50
"YP_003046232.1"	18	"18.00"	18
"YP_003046233.1"	24	"24.00"	24
"YP_003046235.1"	43	"43.00"	43
"YP_003046236.1"	23	"23.00"	23
"YP_003046237.1"	22	"22.00"	22
"YP_003046239.1"	46	"46.00"	46
"YP_003046240.1"	8	"8.00"	8
"YP_003046241.1"	4	"4.00"	4
"YP_003046242.1"	30	"30.00"	30
"YP_003046243.1"	28	"28.00"	28
"YP_003046244.1"	2	"2.00"	2
"YP_003046245.1"	22	"22.00"	22
"YP_003046246.1"	2	"1.50"	1
"YP_003046247.1"	9	"9.00"	9
"YP_003046248.1"	22	"22.00"	22
"YP_003046249.1"	4	"4.00"	4
"YP_003046250.1"	17	"17.00"	17
"YP_003046251.1"	25	"25.00"	25
"YP_003046252.1"	28	"28.00"	28
"YP_003046253.1"	10	"10.00"	10
"YP_003046254.1"	17	"17.00"	17
"YP_003046255.1"	29	"29.00"	29
"YP_003046257.1"	3	"3.00"	3
"YP_003046259.1"	27	"27.00"	27
"YP_003046260.1"	25	"25.00"	25
"YP_003046262.1"	272	"272.00"	272
"YP_003046263.1"	93	"90.00"	87
"YP_003046265.1"	4	"4.00"	4
"YP_003046268.1"	12	"12.00"	12
"YP_003046270.1"	16	"16.00"	16
"YP_003046271.1"	27	"27.00"	27
"YP_003046273.1"	10	"10.00"	10
"YP_003046274.1"	51	"51.00"	51
"YP_003046275.1"	48	"48.00"	48
"YP_003046276.1"	77	"77.00"	77
"YP_003046277.1"	29	"29.00"	29
"YP_003046278.1"	50	"50.00"	50
"YP_003046279.1"	34	"34.00"	34
"YP_003046280.1"	7	"7.00"	7
"YP_003046281.1"	264	"264.00"	264
"YP_003046282.1"	5	"5.00"	5
"YP_003046289.1"	32	"32.00"	32
"YP_003046290.1"	5	"5.00"	5
"YP_003046291.1"	35	"35.00"	35
"YP_003046292.1"	15	"15.00"	15
"YP_003046294.1"	21	"21.00"	21
"YP_003046295.1"	63	"63.00"	63
"YP_003046297.1"	34	"34.00"	34
"YP_003046298.1"	19	"19.00"	19
"YP_003046299.1"	103	"103.00"	103
"YP_003046302.1"	8	"8.00"	8
"YP_003046304.1"	16	"16.00"	16
"YP_003046311.1"	26	"26.00"	26
"YP_003046315.1"	45	"45.00"	45
"YP_003046317.1"	16	"16.00"	16
"YP_003046318.1"	11	"11.00"	11
"YP_003046322.1"	28	"28.00"	28
"YP_003046323.1"	27	"27.00"	27
"YP_003046324.1"	20	"20.00"	20
"YP_003046325.1"	9	"9.00"	9
"YP_003046326.1"	11	"11.00"	11
"YP_003046330.1"	39	"39.00"	39
"YP_003046331.1"	212	"211.00"	210
"YP_003046332.1"	190	"190.00"	190
"YP_003046333.1"	47	"47.00"	47
"YP_003046334.1"	140	"140.00"	140
"YP_003046336.1"	4	"4.00"	4
"YP_003046337.1"	55	"55.00"	55
"YP_003046338.1"	31	"31.00"	31
"YP_003046339.1"	243	"243.00"	243
"YP_003046340.1"	35	"35.00"	35
"YP_003046341.1"	91	"91.00"	91
"YP_003046342.1"	83	"83.00"	83
"YP_003046343.1"	51	"51.00"	51
"YP_003046344.1"	145	"145.00"	145
"YP_003046345.1"	111	"111.00"	111
"YP_003046346.1"	81	"81.00"	81
"YP_003046347.1"	34	"34.00"	34
"YP_003046348.1"	17	"17.00"	17
"YP_003046349.1"	34	"34.00"	34
"YP_003046350.1"	131	"131.00"	131
"YP_003046351.1"	84	"84.00"	84
"YP_003046352.1"	116	"116.00"	116
"YP_003046353.1"	97	"97.00"	97
"YP_003046354.1"	11	"11.00"	11
"YP_003046355.1"	85	"85.00"	85
"YP_003046356.1"	83	"83.00"	83
"YP_003046357.1"	68	"68.00"	68
"YP_003046363.1"	1	"1.00"	1
"YP_003046372.1"	23	"23.00"	23
"YP_003046375.1"	969	"484.00"	0
"YP_003046376.1"	461	"461.00"	461
"YP_003046377.1"	103	"103.00"	103
"YP_003046378.1"	60	"60.00"	60
"YP_003046379.1"	6	"6.00"	6
"YP_003046380.1"	6	"6.00"	6
"YP_003046381.1"	1	"1.00"	1
"YP_003046382.1"	11	"11.00"	11
"YP_003046383.1"	105	"105.00"	105
"YP_003046384.1"	13	"13.00"	13
"YP_003046385.1"	49	"49.00"	49
"YP_003046387.1"	4	"4.00"	4
"YP_003046388.1"	29	"29.00"	29
"YP_003046391.1"	6	"6.00"	6
"YP_003046392.1"	5	"5.00"	5
"YP_003046393.1"	65	"65.00"	65
"YP_003046394.1"	7	"7.00"	7
"YP_003046395.1"	78	"78.00"	78
"YP_003046396.1"	4	"4.00"	4
"YP_003046397.1"	1	"1.00"	1
"YP_003046399.1"	36	"36.00"	36
"YP_003046404.1"	22	"22.00"	22
"YP_003046407.1"	1	"1.00"	1
"YP_003046408.1"	1	"1.00"	1
"YP_003046412.1"	6	"0.21"	0
"YP_003046416.1"	1	"1.00"	1
"YP_003046420.1"	65	"65.00"	65
"YP_003046421.1"	27	"27.00"	27
"YP_003046422.1"	81	"81.00"	81
"YP_003046423.1"	3	"3.00"	3
"YP_003046424.1"	53	"53.00"	53
"YP_003046425.1"	39	"39.00"	39
"YP_003046426.1"	30	"30.00"	30
"YP_003046431.1"	1	"1.00"	1
"YP_003046432.1"	41	"41.00"	41
"YP_003046433.1"	32	"32.00"	32
"YP_003046434.1"	11	"11.00"	11
"YP_003046435.1"	4	"4.00"	4
"YP_003046436.1"	4	"4.00"	4
"YP_003046437.1"	19	"19.00"	19
"YP_003046439.1"	156	"156.00"	156
"YP_003046440.1"	1	"1.00"	1
"YP_003046441.1"	38	"38.00"	38
"YP_003046443.1"	83	"83.00"	83
"YP_003046445.1"	4	"4.00"	4
"YP_003046448.1"	13	"13.00"	13
"YP_003046450.1"	26	"26.00"	26
"YP_003046452.1"	120	"120.00"	120
"YP_003046453.1"	252	"252.00"	252
"YP_003046454.1"	14	"14.00"	14
"YP_003046456.1"	3	"3.00"	3
"YP_003046458.1"	13	"13.00"	13
"YP_003046460.1"	3	"3.00"	3
"YP_003046461.1"	187	"187.00"	187
"YP_003046463.1"	34	"34.00"	34
"YP_003046464.1"	13	"13.00"	13
"YP_003046465.1"	27	"27.00"	27
"YP_003046466.1"	9	"9.00"	9
"YP_003046467.1"	18	"18.00"	18
"YP_003046468.1"	119	"119.00"	119
"YP_003046469.1"	1	"1.00"	1
"YP_003046470.1"	2	"2.00"	2
"YP_003046471.1"	2	"2.00"	2
"YP_003046472.1"	13	"13.00"	13
"YP_003046473.1"	1	"1.00"	1
"YP_003046474.1"	28	"28.00"	28
"YP_003046479.1"	2	"2.00"	2
"YP_003046481.1"	17	"17.00"	17
"YP_003046482.1"	6	"6.00"	6
"YP_003046485.1"	40	"40.00"	40
"YP_003046486.1"	31	"31.00"	31
"YP_003046487.1"	32	"32.00"	32
"YP_003046490.1"	108	"106.00"	104
"YP_003046491.1"	2	"2.00"	2
"YP_003046492.1"	251	"249.00"	247
"YP_003046494.1"	4	"4.00"	4
"YP_003046495.1"	24	"24.00"	24
"YP_003046496.1"	41	"39.18"	39
"YP_003046497.1"	1	"0.50"	0
"YP_003046499.1"	9	"9.00"	9
"YP_003046501.1"	7	"7.00"	7
"YP_003046502.1"	3	"3.00"	3
"YP_003046504.1"	27	"27.00"	27
"YP_003046513.1"	14	"14.00"	14
"YP_003046519.1"	9	"9.00"	9
"YP_003046523.1"	3	"3.00"	3
"YP_003046524.1"	10	"10.00"	10
"YP_003046526.1"	66	"66.00"	66
"YP_003046528.1"	1	"1.00"	1
"YP_003046529.1"	132	"132.00"	132
"YP_003046530.1"	28	"28.00"	28
"YP_003046531.1"	46	"46.00"	46
"YP_003046534.1"	5	"5.00"	5
"YP_003046535.1"	1	"1.00"	1
"YP_003046553.1"	8	"8.00"	8
"YP_003046556.1"	16	"16.00"	16
"YP_003046557.1"	76	"76.00"	76
"YP_003046558.1"	6	"6.00"	6
"YP_003046559.1"	4	"4.00"	4
"YP_003046560.1"	17	"17.00"	17
"YP_003046561.1"	5	"5.00"	5
"YP_003046562.1"	43	"43.00"	43
"YP_003046565.1"	9	"9.00"	9
"YP_003046567.1"	19	"19.00"	19
"YP_003046572.1"	38	"38.00"	38
"YP_003046573.1"	52	"52.00"	52
"YP_003046575.1"	1	"1.00"	1
"YP_003046576.1"	188	"188.00"	188
"YP_003046577.1"	11	"11.00"	11
"YP_003046580.1"	1	"1.00"	1
"YP_003046582.1"	27	"27.00"	27
"YP_003046583.1"	18	"18.00"	18
"YP_003046584.1"	33	"33.00"	33
"YP_003046585.1"	15	"15.00"	15
"YP_003046587.1"	60	"54.50"	49
"YP_003046591.1"	102	"102.00"	102
"YP_003046592.1"	29	"29.00"	29
"YP_003046597.1"	1	"1.00"	1
"YP_003046598.1"	10	"10.00"	10
"YP_003046599.1"	11	"11.00"	11
"YP_003046603.1"	3	"3.00"	3
"YP_003046604.1"	43	"43.00"	43
"YP_003046606.1"	5	"5.00"	5
"YP_003046607.1"	5	"5.00"	5
"YP_003046613.1"	1	"1.00"	1
"YP_003046623.1"	7	"7.00"	7
"YP_003046625.1"	18	"18.00"	18
"YP_003046626.1"	18	"18.00"	18
"YP_003046627.1"	12	"12.00"	12
"YP_003046629.1"	2	"2.00"	2
"YP_003046631.1"	1	"1.00"	1
"YP_003046632.1"	1	"1.00"	1
"YP_003046634.1"	51	"51.00"	51
"YP_003046635.1"	27	"27.00"	27
"YP_003046637.1"	5	"5.00"	5
"YP_003046638.1"	20	"20.00"	20
"YP_003046642.1"	3	"3.00"	3
"YP_003046643.1"	15	"15.00"	15
"YP_003046644.1"	6	"6.00"	6
"YP_003046645.1"	46	"46.00"	46
"YP_003046646.1"	25	"25.00"	25
"YP_003046647.1"	35	"35.00"	35
"YP_003046648.1"	18	"18.00"	18
"YP_003046649.1"	38	"38.00"	38
"YP_003046650.1"	71	"71.00"	71
"YP_003046651.1"	15	"15.00"	15
"YP_003046652.1"	6	"6.00"	6
"YP_003046654.1"	4	"4.00"	4
"YP_003046655.1"	16	"16.00"	16
"YP_003046656.1"	63	"63.00"	63
"YP_003046657.1"	22	"22.00"	22
"YP_003046658.1"	7	"7.00"	7
"YP_003046662.1"	1	"0.50"	0
"YP_003046664.1"	6	"0.21"	0
"YP_003046665.1"	2	"2.00"	2
"YP_003046666.1"	2	"2.00"	2
"YP_003046667.1"	7	"7.00"	7
"YP_003046668.1"	11	"11.00"	11
"YP_003046669.1"	11	"11.00"	11
"YP_003046670.1"	10	"10.00"	10
"YP_003046671.1"	4	"4.00"	4
"YP_003046672.1"	20	"20.00"	20
"YP_003046673.1"	19	"19.00"	19
"YP_003046675.1"	52	"52.00"	52
"YP_003046676.1"	14	"14.00"	14
"YP_003046677.1"	10	"10.00"	10
"YP_003046678.1"	19	"19.00"	19
"YP_003046679.1"	4	"4.00"	4
"YP_003046680.1"	28	"28.00"	28
"YP_003046684.1"	13	"13.00"	13
"YP_003046685.1"	57	"57.00"	57
"YP_003046686.1"	13	"13.00"	13
"YP_003046687.1"	9	"9.00"	9
"YP_003046688.1"	7	"6.50"	6
"YP_003046690.1"	7	"7.00"	7
"YP_003046692.1"	21	"21.00"	21
"YP_003046693.1"	2	"2.00"	2
"YP_003046695.1"	2	"2.00"	2
"YP_003046696.1"	2	"2.00"	2
"YP_003046698.1"	2	"2.00"	2
"YP_003046701.1"	9	"4.50"	0
"YP_003046703.1"	1	"1.00"	1
"YP_003046719.1"	6	"6.00"	6
"YP_003046721.1"	35	"35.00"	35
"YP_003046724.1"	3	"3.00"	3
"YP_003046726.1"	12	"12.00"	12
"YP_003046730.1"	1	"1.00"	1
"YP_003046731.1"	24	"24.00"	24
"YP_003046732.1"	119	"119.00"	119
"YP_003046739.1"	1	"1.00"	1
"YP_003046745.1"	3	"3.00"	3
"YP_003046746.1"	24	"24.00"	24
"YP_003046747.1"	11	"11.00"	11
"YP_003046748.1"	21	"20.00"	19
"YP_003046751.1"	9	"9.00"	9
"YP_003046754.1"	14	"14.00"	14
"YP_003046756.1"	27	"27.00"	27
"YP_003046757.1"	3	"3.00"	3
"YP_003046758.1"	130	"130.00"	130
"YP_003046760.1"	12	"12.00"	12
"YP_003046761.1"	41	"40.50"	40
"YP_003046762.1"	6	"6.00"	6
"YP_003046763.1"	5	"5.00"	5
"YP_003046765.1"	73	"73.00"	73
"YP_003046766.1"	29	"29.00"	29
"YP_003046768.1"	27	"27.00"	27
"YP_003046769.1"	1	"1.00"	1
"YP_003046770.1"	1	"1.00"	1
"YP_003046773.1"	14	"14.00"	14
"YP_003046775.1"	4	"4.00"	4
"YP_003046776.1"	1	"1.00"	1
"YP_003046784.1"	25	"25.00"	25
"YP_003046785.1"	11	"11.00"	11
"YP_003046788.1"	31	"31.00"	31
"YP_003046789.1"	119	"119.00"	119
"YP_003046790.1"	43	"43.00"	43
"YP_003046791.1"	28	"28.00"	28
"YP_003046792.1"	504	"504.00"	504
"YP_003046793.1"	102	"102.00"	102
"YP_003046794.1"	317	"316.00"	315
"YP_003046795.1"	92	"92.00"	92
"YP_003046796.1"	159	"159.00"	159
"YP_003046797.1"	8	"8.00"	8
"YP_003046798.1"	7	"7.00"	7
"YP_003046800.1"	25	"25.00"	25
"YP_003046801.1"	8	"8.00"	8
"YP_003046802.1"	4	"4.00"	4
"YP_003046803.1"	49	"49.00"	49
"YP_003046805.1"	5	"5.00"	5
"YP_003046809.1"	53	"53.00"	53
"YP_003046810.1"	154	"154.00"	154
"YP_003046811.1"	10	"10.00"	10
"YP_003046812.1"	374	"374.00"	374
"YP_003046813.1"	66	"66.00"	66
"YP_003046814.1"	8	"8.00"	8
"YP_003046816.1"	3	"3.00"	3
"YP_003046817.1"	4	"4.00"	4
"YP_003046818.1"	47	"47.00"	47
"YP_003046821.1"	76	"76.00"	76
"YP_003046822.1"	6	"6.00"	6
"YP_003046823.1"	239	"239.00"	239
"YP_003046824.1"	177	"177.00"	177
"YP_003046825.1"	83	"83.00"	83
"YP_003046827.1"	205	"205.00"	205
"YP_003046828.1"	6	"6.00"	6
"YP_003046830.1"	8	"8.00"	8
"YP_003046831.1"	4	"4.00"	4
"YP_003046832.1"	54	"54.00"	54
"YP_003046833.1"	26	"26.00"	26
"YP_003046835.1"	192	"192.00"	192
"YP_003046837.1"	19	"19.00"	19
"YP_003046838.1"	22	"22.00"	22
"YP_003046839.1"	14	"14.00"	14
"YP_003046840.1"	15	"13.50"	12
"YP_003046843.1"	17	"17.00"	17
"YP_003046845.1"	5	"5.00"	5
"YP_003046847.1"	3	"3.00"	3
"YP_003046850.1"	1	"1.00"	1
"YP_003046851.1"	21	"21.00"	21
"YP_003046852.1"	54	"54.00"	54
"YP_003046853.1"	8	"8.00"	8
"YP_003046854.1"	36	"36.00"	36
"YP_003046855.1"	4	"4.00"	4
"YP_003046856.1"	11	"11.00"	11
"YP_003046858.1"	4	"4.00"	4
"YP_003046859.1"	14	"14.00"	14
"YP_003046860.1"	6	"6.00"	6
"YP_003046861.1"	1	"1.00"	1
"YP_003046862.1"	14	"14.00"	14
"YP_003046863.1"	16	"16.00"	16
"YP_003046864.1"	10	"10.00"	10
"YP_003046866.1"	13	"13.00"	13
"YP_003046870.1"	1	"1.00"	1
"YP_003046873.1"	5	"5.00"	5
"YP_003046874.1"	11	"11.00"	11
"YP_003046879.1"	21	"21.00"	21
"YP_003046881.1"	24	"24.00"	24
"YP_003046882.1"	350	"350.00"	350
"YP_003046890.1"	2	"2.00"	2
"YP_003046891.1"	33	"33.00"	33
"YP_003046892.1"	64	"64.00"	64
"YP_003046895.1"	2	"2.00"	2
"YP_003046898.1"	1	"1.00"	1
"YP_003046899.1"	7	"7.00"	7
"YP_003046900.1"	35	"35.00"	35
"YP_003046901.1"	3	"3.00"	3
"YP_003046902.1"	8	"8.00"	8
"YP_003046903.1"	22	"22.00"	22
"YP_003046904.1"	17	"17.00"	17
"YP_003046905.1"	2	"2.00"	2
"YP_003046907.1"	9	"9.00"	9
"YP_003046908.1"	29	"29.00"	29
"YP_003046909.1"	25	"25.00"	25
"YP_003046910.1"	49	"49.00"	49
"YP_003046911.1"	69	"69.00"	69
"YP_003046912.1"	55	"55.00"	55
"YP_003046915.1"	12	"12.00"	12
"YP_003046917.1"	2	"2.00"	2
"YP_003046918.1"	29	"29.00"	29
"YP_003046919.1"	8	"8.00"	8
"YP_003046920.1"	7	"7.00"	7
"YP_003046923.1"	91	"91.00"	91
"YP_003046924.1"	18	"18.00"	18
"YP_003046925.1"	16	"16.00"	16
"YP_003046926.1"	22	"22.00"	22
"YP_003046927.1"	13	"13.00"	13
"YP_003046928.1"	4	"4.00"	4
"YP_003046929.1"	256	"255.00"	254
"YP_003046930.1"	90	"90.00"	90
"YP_003046932.1"	4	"4.00"	4
"YP_003046941.1"	1	"1.00"	1
"YP_003046943.1"	13	"13.00"	13
"YP_003046944.1"	14	"14.00"	14
"YP_003046946.1"	2	"1.00"	0
"YP_003046949.1"	10	"10.00"	10
"YP_003046950.1"	4	"4.00"	4
"YP_003046951.1"	18	"16.00"	14
"YP_003046952.1"	119	"113.00"	107
"YP_003046953.1"	8	"8.00"	8
"YP_003046957.1"	1	"0.50"	0
"YP_003046967.1"	68	"68.00"	68
"YP_003046969.1"	12	"12.00"	12
"YP_003046970.1"	18	"18.00"	18
"YP_003046971.1"	26	"26.00"	26
"YP_003046972.1"	13	"13.00"	13
"YP_003046973.1"	2	"2.00"	2
"YP_003046974.1"	50	"50.00"	50
"YP_003046975.1"	4	"4.00"	4
"YP_003046976.1"	4	"4.00"	4
"YP_003046977.1"	129	"129.00"	129
"YP_003046978.1"	4	"4.00"	4
"YP_003046980.1"	13	"13.00"	13
"YP_003046981.1"	3	"3.00"	3
"YP_003046982.1"	16	"16.00"	16
"YP_003046983.1"	21	"21.00"	21
"YP_003046984.1"	695	"695.00"	695
"YP_003046985.1"	3	"3.00"	3
"YP_003046986.1"	43	"43.00"	43
"YP_003046987.1"	5	"5.00"	5
"YP_003046989.1"	127	"127.00"	127
"YP_003046990.1"	16	"16.00"	16
"YP_003046991.1"	29	"29.00"	29
"YP_003046992.1"	8	"8.00"	8
"YP_003046993.1"	10	"10.00"	10
"YP_003046994.1"	33	"33.00"	33
"YP_003046997.1"	19	"19.00"	19
"YP_003046998.1"	26	"26.00"	26
"YP_003046999.1"	49	"49.00"	49
"YP_003047000.1"	79	"79.00"	79
"YP_003047001.1"	155	"155.00"	155
"YP_003047004.1"	5	"5.00"	5
"YP_003047009.1"	5	"5.00"	5
"YP_003047013.1"	44	"44.00"	44
"YP_003047014.1"	226	"226.00"	226
"YP_003047015.1"	56	"56.00"	56
"YP_003047016.1"	101	"101.00"	101
"YP_003047017.1"	68	"68.00"	68
"YP_003047018.1"	100	"100.00"	100
"YP_003047019.1"	37	"37.00"	37
"YP_003047020.1"	70	"70.00"	70
"YP_003047021.1"	8	"8.00"	8
"YP_003047023.1"	20	"20.00"	20
"YP_003047024.1"	50	"50.00"	50
"YP_003047025.1"	14	"14.00"	14
"YP_003047026.1"	13	"13.00"	13
"YP_003047027.1"	5	"5.00"	5
"YP_003047028.1"	17	"17.00"	17
"YP_003047029.1"	969	"484.00"	0
"YP_003047030.1"	2	"2.00"	2
"YP_003047031.1"	35	"35.00"	35
"YP_003047032.1"	32	"32.00"	32
"YP_003047033.1"	233	"233.00"	233
"YP_003047034.1"	77	"77.00"	77
"YP_003047035.1"	262	"262.00"	262
"YP_003047036.1"	393	"392.00"	391
"YP_003047037.1"	386	"386.00"	386
"YP_003047045.1"	9	"9.00"	9
"YP_003047046.1"	3	"3.00"	3
"YP_003047047.1"	22	"22.00"	22
"YP_003047048.1"	4	"4.00"	4
"YP_003047049.1"	6	"6.00"	6
"YP_003047050.1"	75	"73.00"	71
"YP_003047051.1"	1	"1.00"	1
"YP_003047055.1"	92	"92.00"	92
"YP_003047056.1"	155	"155.00"	155
"YP_003047058.1"	48	"48.00"	48
"YP_003047059.1"	47	"47.00"	47
"YP_003047060.1"	58	"58.00"	58
"YP_003047062.1"	10	"10.00"	10
"YP_003047063.1"	181	"181.00"	181
"YP_003047065.1"	15	"15.00"	15
"YP_003047066.1"	16	"16.00"	16
"YP_003047067.1"	2	"2.00"	2
"YP_003047068.1"	86	"84.00"	83
"YP_003047069.1"	144	"143.00"	142
"YP_003047073.1"	1	"1.00"	1
"YP_003047077.1"	22	"22.00"	22
"YP_003047078.1"	230	"230.00"	230
"YP_003047079.1"	63	"63.00"	63
"YP_003047080.1"	57	"57.00"	57
"YP_003047081.1"	62	"62.00"	62
"YP_003047083.1"	9	"9.00"	9
"YP_003047085.1"	91	"91.00"	91
"YP_003047087.1"	15	"14.00"	13
"YP_003047089.1"	2	"2.00"	2
"YP_003047090.1"	4	"4.00"	4
"YP_003047093.1"	23	"23.00"	23
"YP_003047095.1"	11	"11.00"	11
"YP_003047096.1"	25	"25.00"	25
"YP_003047097.1"	12	"12.00"	12
"YP_003047098.1"	68	"68.00"	68
"YP_003047100.1"	8	"8.00"	8
"YP_003047101.1"	5	"5.00"	5
"YP_003047102.1"	58	"57.00"	56
"YP_003047103.1"	23	"18.50"	14
"YP_003047107.1"	5	"5.00"	5
"YP_003047111.1"	2	"2.00"	2
"YP_003047112.1"	171	"171.00"	171
"YP_003047113.1"	1	"1.00"	1
"YP_003047120.1"	4	"4.00"	4
"YP_003047121.1"	7	"7.00"	7
"YP_003047130.1"	3	"1.50"	1
"YP_003047131.1"	3	"3.00"	3
"YP_003047132.1"	8	"8.00"	8
"YP_003047133.1"	3	"3.00"	3
"YP_003047134.1"	1	"1.00"	1
"YP_003047135.1"	1	"1.00"	1
"YP_003047149.1"	1	"1.00"	1
"YP_003047150.1"	4	"4.00"	4
"YP_003047151.1"	1	"1.00"	1
"YP_003047153.1"	3	"3.00"	3
"YP_003047157.1"	1	"1.00"	1
"YP_003047159.1"	1	"1.00"	1
"YP_003047160.1"	1	"1.00"	1
"YP_003047163.1"	1	"1.00"	1
"YP_003047164.1"	49	"25.00"	1
"YP_003047170.1"	20	"16.50"	13
"YP_003047175.1"	23	"23.00"	23
"YP_003047177.1"	6	"6.00"	6
"YP_003047179.1"	60	"60.00"	60
"YP_003047180.1"	3	"3.00"	3
"YP_003047182.1"	45	"45.00"	45
"YP_003047183.1"	1039	"1039.00"	1039
"YP_003047184.1"	24	"24.00"	24
"YP_003047186.1"	6	"6.00"	6
"YP_003047187.1"	9	"9.00"	9
"YP_003047189.1"	4	"4.00"	4
"YP_003047191.1"	1	"1.00"	1
"YP_003047195.1"	10	"10.00"	10
"YP_003047196.1"	18	"18.00"	18
"YP_003047197.1"	5	"5.00"	5
"YP_003047199.1"	16	"16.00"	16
"YP_003047200.1"	36	"36.00"	36
"YP_003047201.1"	25	"25.00"	25
"YP_003047202.1"	11	"11.00"	11
"YP_003047203.1"	1	"1.00"	1
"YP_003047204.1"	4	"4.00"	4
"YP_003047205.1"	5	"5.00"	5
"YP_003047206.1"	8	"8.00"	8
"YP_003047207.1"	21	"21.00"	21
"YP_003047208.1"	11	"11.00"	11
"YP_003047209.1"	33	"33.00"	33
"YP_003047210.1"	39	"39.00"	39
"YP_003047211.1"	92	"92.00"	92
"YP_003047212.1"	77	"77.00"	77
"YP_003047214.1"	165	"165.00"	165
"YP_003047215.1"	6	"6.00"	6
"YP_003047216.1"	32	"32.00"	32
"YP_003047217.1"	13	"13.00"	13
"YP_003047227.1"	2	"2.00"	2
"YP_003047228.1"	1	"1.00"	1
"YP_003047229.1"	6	"6.00"	6
"YP_003047233.1"	1	"1.00"	1
"YP_003047234.1"	1	"1.00"	1
"YP_003047235.1"	1	"1.00"	1
"YP_003047237.1"	51	"51.00"	51
"YP_003047239.1"	70	"70.00"	70
"YP_003047240.1"	219	"219.00"	219
"YP_003047247.1"	1	"1.00"	1
"YP_003047248.1"	17	"17.00"	17
"YP_003047249.1"	29	"29.00"	29
"YP_003047250.1"	5	"5.00"	5
"YP_003047253.1"	11	"11.00"	11
"YP_003047255.1"	49	"49.00"	49
"YP_003047256.1"	24	"24.00"	24
"YP_003047257.1"	4	"4.00"	4
"YP_003047259.1"	10	"10.00"	10
"YP_003047260.1"	16	"16.00"	16
"YP_003047261.1"	4	"4.00"	4
"YP_003047262.1"	9	"9.00"	9
"YP_003047265.1"	66	"66.00"	66
"YP_003047266.1"	3	"3.00"	3
"YP_003047270.1"	44	"44.00"	44
"YP_003047271.1"	32	"32.00"	32
"YP_003047272.1"	8	"8.00"	8
"YP_003047273.1"	51	"51.00"	51
"YP_003047275.1"	17	"17.00"	17
"YP_003047278.1"	11	"11.00"	11
"YP_003047279.1"	23	"23.00"	23
"YP_003047280.1"	27	"27.00"	27
"YP_003047281.1"	16	"16.00"	16
"YP_003047282.1"	31	"31.00"	31
"YP_003047285.1"	1	"1.00"	1
"YP_003047286.1"	1	"1.00"	1
"YP_003047287.1"	6	"6.00"	6
"YP_003047288.1"	2	"1.00"	0
"YP_003047289.1"	40	"40.00"	40
"YP_003047290.1"	7	"7.00"	7
"YP_003047291.1"	11	"11.00"	11
"YP_003047293.1"	143	"143.00"	143
"YP_003047294.1"	2	"2.00"	2
"YP_003047295.1"	76	"76.00"	76
"YP_003047296.1"	1	"1.00"	1
"YP_003047297.1"	5	"5.00"	5
"YP_003047298.1"	20	"20.00"	20
"YP_003047304.1"	2	"2.00"	2
"YP_003047305.1"	1	"1.00"	1
"YP_003047310.1"	5	"5.00"	5
"YP_003047318.1"	18	"18.00"	18
"YP_003047321.1"	21	"21.00"	21
"YP_003047322.1"	109	"109.00"	109
"YP_003047325.1"	6	"0.21"	0
"YP_003047328.1"	6	"0.21"	0
"YP_003047332.1"	1	"1.00"	1
"YP_003047333.1"	1	"1.00"	1
"YP_003047335.1"	1	"1.00"	1
"YP_003047336.1"	1	"1.00"	1
"YP_003047337.1"	1	"1.00"	1
"YP_003047340.1"	1	"1.00"	1
"YP_003047343.1"	6	"0.21"	0
"YP_003047353.1"	34	"34.00"	34
"YP_003047354.1"	9	"8.33"	8
"YP_003047355.1"	5	"5.00"	5
"YP_003047359.1"	22	"22.00"	22
"YP_003047370.1"	6	"0.21"	0
"YP_003047373.1"	1	"1.00"	1
"YP_003047375.1"	10	"10.00"	10
"YP_003047376.1"	82	"82.00"	82
"YP_003047377.1"	32	"32.00"	32
"YP_003047378.1"	8	"8.00"	8
"YP_003047379.1"	10	"10.00"	10
"YP_003047381.1"	8	"8.00"	8
"YP_003047389.1"	2	"2.00"	2
"YP_003047390.1"	8	"8.00"	8
"YP_003047391.1"	9	"9.00"	9
"YP_003047392.1"	2	"2.00"	2
"YP_003047396.1"	60	"60.00"	60
"YP_003047397.1"	8	"8.00"	8
"YP_003047399.1"	5	"5.00"	5
"YP_003047404.1"	5	"5.00"	5
"YP_003047406.1"	28	"28.00"	28
"YP_003047407.1"	8	"8.00"	8
"YP_003047409.1"	14	"14.00"	14
"YP_003047410.1"	33	"33.00"	33
"YP_003047411.1"	10	"10.00"	10
"YP_003047413.1"	6	"6.00"	6
"YP_003047414.1"	7	"7.00"	7
"YP_003047417.1"	6	"6.00"	6
"YP_003047418.1"	15	"15.00"	15
"YP_003047419.1"	48	"48.00"	48
"YP_003047420.1"	40	"40.00"	40
"YP_003047422.1"	7	"7.00"	7
"YP_003047423.1"	6	"6.00"	6
"YP_003047424.1"	10	"10.00"	10
"YP_003047425.1"	10	"10.00"	10
"YP_003047426.1"	19	"19.00"	19
"YP_003047427.1"	112	"112.00"	112
"YP_003047428.1"	16	"16.00"	16
"YP_003047429.1"	6	"5.00"	4
"YP_003047430.1"	2	"2.00"	2
"YP_003047431.1"	47	"47.00"	47
"YP_003047432.1"	15	"15.00"	15
"YP_003047433.1"	15	"15.00"	15
"YP_003047434.1"	2	"2.00"	2
"YP_003047436.1"	55	"55.00"	55
"YP_003047438.1"	3	"3.00"	3
"#total count:71587"			
