"","Category","Term","Count","X.","PValue","Genes","List.Total","Pop.Hits","Pop.Total","Fold.Enrichment","Bonferroni","Benjamini","FDR"
"1","GOTERM_MF_ALL","GO:0005515~protein binding",41,24.1176470588235,9.16915186989363e-16,"7150267, 7149969, 944885, 948520, 948264, 7158646, 916235, 7151067, 945742, 948260, 917625, 7158459, 7154255, 7153944, 7157883, 946215, 7156730, 7153549, 7158921, 7159017, 946869, 947206, 946209, 7157728, 947934, 913857, 7152574, 914128, 7151690, 7152572, 945435, 7157726, 7155667, 7157147, 7156809, 7157623, 947817, 7157625, 947819, 7158723, 917480, 7156473, 917604, 7149647, 7150652, 7156090, 7156374, 7158004, 915873, 945493, 915528, 913428, 945753, 944777, 948658, 7156158, 947278, 946898, 7154317, 945747, 7158138, 7156463, 7153364, 944769, 7155452, 7151775, 7158132, 948427, 7157998, 7151570, 7156565, 7152816, 7151756, 948978, 947122, 915962, 7154849, 946725, 915965, 7156979, 7157984, 945398, 7149727, 945402, 7151135, 7155540, 948766, 7153853, 945307, 7157810, 7152672, 7156790, 948233, 7152674, 7159399, 7151095, 7152904, 7151346, 7152097, 915196, 7151293, 7159329, 945988, 947082, 916477, 7154980, 7152476, 7151540, 7151450, 7152918, 7155151, 948992, 916832, 7151935, 947553, 948800, 946195, 7153046, 7159494, 7158999, 7153929, 7156118, 913460, 7151673, 7152922, 7156323, 7150346, 946235, 7151871, 944989, 948157",146,1395,21998,4.4283301418962,2.8599345114344e-13,2.8599345114344e-13,1.19904086659517e-12
"2","GOTERM_MF_ALL","GO:0046872~metal ion binding",35,20.5882352941176,0.000254698426052587,"946762, 948690, 946201, 7150267, 7149969, 945184, 945181, 7151226, 916235, 7158350, 7157889, 915050, 7157212, 946178, 948498, 7152629, 7156730, 7157115, 7157329, 7159091, 7154244, 946209, 7153010, 7151690, 949042, 945620, 7151307, 7151304, 914939, 7152737, 7151303, 7156473, 7156572, 7156576, 7156374, 949041, 7157331, 946757, 915528, 913428, 7151415, 917056, 947426, 7151318, 945142, 944777, 948422, 7158138, 7151224, 944769, 948423, 7156568, 7157791, 7151756, 947839, 916992, 947122, 946725, 7157984, 7149727, 948766, 7150222, 914072, 914629, 7158783, 7157810, 7157638, 7157566, 7151551, 7156790, 7153314, 916984, 7152904, 7151346, 7156441, 7151644, 7150523, 7158400, 7152156, 7154100, 916477, 7151450, 7150688, 7154021, 946389, 7155151, 7151541, 916832, 7152065, 7156333, 7156334, 7151686, 947553, 7156337, 7158053, 914569, 946195, 7152588, 7153049, 7156250, 945100, 7156252, 915833, 7155368, 7150949, 945201, 7155699, 7157306, 947955, 7159172, 945051, 948157, 945649, 945511, 7152275, 7152277",146,2793,21998,1.8881106876781,0.0787495428401958,0.0401820708281158,0.343477702044681
"3","GOTERM_MF_ALL","GO:0043169~cation binding",35,20.5882352941176,0.000439796950217456,"946762, 948690, 946201, 7150267, 7149969, 945184, 945181, 7151226, 916235, 7158350, 7157889, 915050, 7157212, 946178, 948498, 7152629, 7156730, 7157115, 7157329, 7159091, 7154244, 946209, 7153010, 7151690, 949042, 945620, 7151307, 7151304, 914939, 7152737, 7151303, 7156473, 7156572, 7156576, 7156374, 949041, 7157331, 946757, 915528, 913428, 7151415, 917056, 947426, 7151318, 945142, 944777, 948422, 7158138, 7151224, 944769, 948423, 7156568, 7157791, 7151756, 947839, 916992, 947122, 946725, 7157984, 7149727, 948766, 7150222, 914072, 914629, 7158783, 7157810, 7157638, 7157566, 7151551, 7156790, 7153314, 916984, 7152904, 7151346, 7156441, 7151644, 7150523, 7158400, 7152156, 7154100, 916477, 7151450, 7150688, 7154021, 946389, 7155151, 7151541, 916832, 7152065, 7156333, 7156334, 7151686, 947553, 7156337, 7158053, 914569, 946195, 7152588, 7153049, 7156250, 945100, 7156252, 915833, 7155368, 7150949, 945201, 7155699, 7157306, 947955, 7159172, 945051, 948157, 945649, 945511, 7152275, 7152277",146,2876,21998,1.8336207060796,0.132071349809705,0.046117953325742,0.592409535772642
"4","GOTERM_MF_ALL","GO:0043167~ion binding",35,20.5882352941176,0.000483856668236475,"946762, 948690, 946201, 7150267, 7149969, 945184, 945181, 7151226, 916235, 7158350, 7157889, 915050, 7157212, 946178, 948498, 7152629, 7156730, 7157115, 7157329, 7159091, 7154244, 946209, 7153010, 7151690, 949042, 945620, 7151307, 7151304, 914939, 7152737, 7151303, 7156473, 7156572, 7156576, 7156374, 949041, 7157331, 946757, 915528, 913428, 7151415, 917056, 947426, 7151318, 945142, 944777, 948422, 7158138, 7151224, 944769, 948423, 7156568, 7157791, 7151756, 947839, 916992, 947122, 946725, 7157984, 7149727, 948766, 7150222, 914072, 914629, 7158783, 7157810, 7157638, 7157566, 7151551, 7156790, 7153314, 916984, 7152904, 7151346, 7156441, 7151644, 7150523, 7158400, 7152156, 7154100, 916477, 7151450, 7150688, 7154021, 946389, 7155151, 7151541, 916832, 7152065, 7156333, 7156334, 7151686, 947553, 7156337, 7158053, 914569, 946195, 7152588, 7153049, 7156250, 945100, 7156252, 915833, 7155368, 7150949, 945201, 7155699, 7157306, 947955, 7159172, 945051, 948157, 945649, 945511, 7152275, 7152277",146,2891,21998,1.82410693555342,0.144303526040131,0.0382107123875267,0.651578843750245
"5","GOTERM_MF_ALL","GO:0003735~structural constituent of ribosome",5,2.94117647058824,0.00168807412524647,"7152672, 915985, 7157726, 7152702, 947828, 7152674, 7157775, 947817, 7157435, 947819, 915962, 915965, 945152, 916047, 7159146, 912729, 947784, 7152721, 7154074, 7157728",146,77,21998,9.7838462906956,0.419589211421523,0.103093657222037,2.2561931520455
"6","GOTERM_MF_ALL","GO:0046914~transition metal ion binding",26,15.2941176470588,0.00222899333740311,"946762, 946201, 7151756, 947839, 916992, 945184, 945181, 7151226, 947122, 916235, 7157984, 7158350, 7157889, 7149727, 915050, 948766, 946178, 7150222, 914629, 7158783, 7157810, 948498, 7157638, 7157566, 7156790, 7151551, 7153314, 7152629, 916984, 7156730, 7152904, 7156441, 7151346, 7151644, 7158400, 7157329, 7159091, 7153010, 916477, 7151690, 7151450, 949042, 7154021, 946389, 945620, 7151541, 7156333, 7156334, 7151686, 7151307, 947553, 7156337, 7151304, 7151303, 7152737, 914939, 914569, 946195, 7156473, 7156572, 7152588, 7156576, 7156374, 7153049, 7157331, 946757, 913428, 7156250, 945100, 7151415, 7156252, 7155368, 947426, 917056, 7151318, 7150949, 944777, 945201, 7157306, 945051, 944769, 7151224, 945649, 945511, 7152275, 948423, 7157791, 7152277",146,2075,21998,1.88792870110579,0.512535084589348,0.112863270163574,2.96912545961984
"7","GOTERM_MF_ALL","GO:0005198~structural molecule activity",6,3.52941176470588,0.00311044802902437,"7152672, 7158003, 915985, 7157726, 7152702, 949014, 947828, 7152674, 7157775, 947817, 7157435, 947819, 915962, 915965, 945152, 916047, 7159146, 7152779, 912729, 947784, 7152721, 7154074, 7157728, 914033",146,149,21998,6.06729796818976,0.633268446234159,0.133509032710243,4.1205756991409
"8","GOTERM_MF_ALL","GO:0005488~binding",105,61.7647058823529,0.0060350257537823,"946201, 7149969, 7150267, 944885, 948520, 948264, 7158646, 916235, 7151226, 945152, 7157127, 945742, 915050, 945838, 912729, 917625, 948260, 3244885, 7153122, 945354, 946215, 944790, 7152629, 7153762, 7157117, 7157115, 915857, 947673, 7158921, 7152771, 7159017, 7153010, 946209, 945435, 7151895, 7156904, 947109, 7150786, 945620, 7155667, 7157147, 7156809, 7159346, 948240, 7152737, 7156803, 917604, 7149647, 7156572, 7159669, 7150652, 7156576, 948381, 7151110, 915873, 917056, 945142, 7156292, 945753, 948658, 944777, 7156158, 7155794, 7151769, 7150395, 947278, 948849, 945747, 7158138, 7153364, 944769, 7151224, 7151775, 7155452, 7158132, 7156565, 7156568, 7157791, 7151758, 7151477, 7151756, 947263, 948327, 7151754, 947122, 915962, 7154849, 915965, 945398, 7149727, 945402, 7151135, 7155540, 948766, 914072, 7158783, 7157810, 7151276, 945777, 7151551, 948233, 7159399, 7152904, 7156441, 7151847, 7151346, 7156133, 7151644, 7151951, 7156500, 3244838, 947082, 7154980, 7151450, 7151540, 7150688, 7154021, 946389, 7152918, 7155151, 946128, 7151541, 7151935, 7156333, 7151686, 7156334, 7156337, 914569, 7159105, 7153046, 948911, 7158999, 7153049, 7156118, 7152702, 945100, 7156250, 7151460, 915833, 7156252, 7150883, 7155899, 7151674, 7151673, 7152922, 7152923, 7156323, 7155699, 7157306, 946235, 7151871, 948157, 7158177, 945649, 7152503, 945511, 948690, 947937, 949024, 946762, 948067, 7158844, 946769, 945184, 947602, 7152416, 945181, 7151067, 7158350, 7157889, 7157212, 7158459, 7152565, 7154255, 946178, 3654571, 7153944, 7157883, 7151809, 914033, 948498, 949014, 7156730, 7158028, 7153549, 7157329, 7157323, 7156483, 946869, 7159091, 7154244, 7154572, 947206, 7157728, 913857, 947934, 914128, 7152574, 7152833, 7151690, 7152572, 949042, 7157726, 7157623, 944827, 947817, 7151307, 7157625, 947819, 7151304, 7151303, 7158723, 914939, 917480, 7156473, 7156858, 946151, 7156090, 949041, 7156374, 946373, 7157331, 946757, 7151414, 7158004, 945493, 915528, 7158003, 7152546, 913428, 7151415, 7156713, 913187, 949036, 947426, 7153071, 7158738, 7151318, 7157616, 946898, 945499, 7158005, 948422, 7154317, 7156463, 7151573, 915134, 948427, 7151570, 7157998, 948423, 7152816, 7156599, 916992, 947839, 948978, 7157551, 7156788, 945869, 946590, 946725, 7156979, 7157984, 7153853, 945307, 7150222, 914629, 7156792, 7157638, 7152672, 7158207, 7157462, 7157566, 7156790, 7153314, 7152674, 916984, 7151095, 7152097, 913781, 915196, 7158400, 7150523, 7151293, 913643, 7156994, 7156995, 7152156, 7158511, 945988, 7159329, 7154100, 916477, 944843, 7152476, 946066, 913450, 7152067, 948992, 7159697, 7152065, 916832, 947553, 948800, 7157435, 7158053, 946195, 7152779, 7153643, 7152588, 7154233, 7159494, 7152269, 948572, 7153929, 913148, 7150205, 7155368, 913460, 7150949, 945201, 944993, 7150346, 944989, 915370, 947955, 7159172, 945051, 7159305, 7152275, 7152277",146,13515,21998,1.17058671491341,0.857607202364617,0.216234752329167,7.85096744718369
"9","GOTERM_MF_ALL","GO:0008081~phosphoric diester hydrolase activity",3,1.76470588235294,0.00616040927218417,"947955, 7159172, 7149969, 7155151, 915833, 7156730, 916832, 947553, 916235, 7154100, 7151690, 946725",146,18,21998,25.1118721461187,0.863275462055199,0.198353426697143,8.00785246917957
"10","GOTERM_MF_ALL","GO:0005315~inorganic phosphate transmembrane transporter activity",3,1.76470588235294,0.00996998194095983,"915370, 7157559, 7157462, 7152511, 7152416, 948237, 948240",146,23,21998,19.6527695056581,0.960301617823404,0.275768715827528,12.658276099191
"11","GOTERM_MF_ALL","GO:0070566~adenylyltransferase activity",3,1.76470588235294,0.0108297149801714,"7156250, 7151224, 916992, 7156730, 947426, 7152565, 947553, 916235, 7157616, 7151690, 948911",146,24,21998,18.833904109589,0.969988906662865,0.272938623529463,13.6772050589247
"12","GOTERM_MF_ALL","GO:0008889~glycerophosphodiester phosphodiesterase activity",2,1.17647058823529,0.0131398663360174,"947955, 7159172, 7149969, 7155151, 915833, 916832, 7154100, 946725",146,2,21998,150.671232876712,0.98586470644697,0.298772828500577,16.3608587818092
"13","GOTERM_MF_ALL","GO:0015114~phosphate transmembrane transporter activity",3,1.76470588235294,0.0155926260258969,"915370, 7157559, 7157462, 7152511, 7152416, 948237, 948240",146,29,21998,15.5866792631082,0.993656859151525,0.322441982162651,19.1254737481579
"14","GOTERM_MF_ALL","GO:0005506~iron ion binding",13,7.64705882352941,0.0155984218068897,"946762, 949042, 947839, 916992, 7156333, 945184, 7156334, 945181, 7151307, 7151226, 947122, 7156337, 7151304, 7151303, 7149727, 946178, 7150222, 7156374, 7157331, 7157810, 946757, 913428, 7156250, 7151415, 7156252, 7155368, 7157566, 7153314, 916984, 947426, 7151318, 7150949, 944777, 945201, 7151346, 7156441, 7151644, 7158400, 7157329, 7151224, 945649, 945511, 7152275, 7152277",146,896,21998,2.1860781555773,0.993668873134406,0.303432945620732,19.1319050184777
"15","GOTERM_MF_ALL","GO:0046316~gluconokinase activity",2,1.17647058823529,0.0196453545786015,"947937, 7156599, 7151754, 7151573, 7156788, 946066, 915857",146,3,21998,100.447488584475,0.998319672363523,0.346829946991123,23.5087614520367
"16","GOTERM_MF_ALL","GO:0004551~nucleotide diphosphatase activity",2,1.17647058823529,0.0196453545786015,"913453, 944770, 7149512, 7156423, 7157791, 7152737, 914939, 948498",146,3,21998,100.447488584475,0.998319672363523,0.346829946991123,23.5087614520367
"17","GOTERM_MF_ALL","GO:0004765~shikimate kinase activity",2,1.17647058823529,0.0261082517639999,"947937, 7156599, 7151754, 7151573, 7156788, 946066, 915857",146,4,21998,75.3356164383562,0.999800271096297,0.41281147838113,30.0460807408692
"18","GOTERM_MF_ALL","GO:0000287~magnesium ion binding",9,5.29411764705882,0.0315255301087706,"948690, 7150267, 947553, 916235, 7158053, 914939, 7152737, 7157212, 7152588, 914072, 948498, 7157638, 915528, 915833, 7156730, 945142, 948422, 7150523, 947955, 7159172, 7158138, 948157, 7152156, 7154244, 946209, 7154100, 7151690, 7156568, 7157791",146,557,21998,2.43454415779248,0.999966856917526,0.454878012245073,35.1229878337505
"19","GOTERM_MF_ALL","GO:0015415~phosphate transmembrane-transporting ATPase activity",2,1.17647058823529,0.0325288348097268,"915370, 7157462, 7152416, 948240",146,5,21998,60.2684931506849,0.999976261915478,0.446547548980162,36.0249491422644
"20","GOTERM_MF_ALL","GO:0004872~receptor activity",5,2.94117647058824,0.0348884666697458,"7153490, 949042, 1238755, 7158576, 7151415, 945961, 7157566, 7152065, 7151318, 7150949, 945843, 7156441, 7157115, 7151644, 7152470, 945649, 7157515, 949041",146,186,21998,4.05030195905141,0.99998918673621,0.452190820749233,38.1006667261113
"21","GOTERM_MF_ALL","GO:0008238~exopeptidase activity",4,2.35294117647059,0.0423630104055672,"7157984, 948766, 7149534, 7159494, 7154255, 7159329, 7152904, 945988, 946904, 948520, 7158336",146,117,21998,5.1511532607423,0.999999115508015,0.501879179144155,44.2714418360592
"22","GOTERM_MF_ALL","GO:0019843~rRNA binding",3,1.76470588235294,0.0445876684675681,"7152672, 7157726, 7152702, 912729, 7152674, 947817, 7157728, 7157435, 947819, 915962, 915965, 945152",146,51,21998,8.86301369863014,0.999999581735251,0.503110769533098,45.9949179369457
"23","GOTERM_MF_ALL","GO:0016787~hydrolase activity",38,22.3529411764706,0.0446674814693094,"7153425, 946201, 7149969, 944885, 945184, 7152416, 948520, 948264, 7151226, 916235, 945742, 7153745, 7157889, 948410, 917625, 7158459, 7154255, 946178, 948498, 7152629, 7156730, 7157117, 7157876, 7153013, 7159582, 7158441, 7152833, 7152574, 7151690, 945435, 945620, 7155667, 7151307, 7157625, 948240, 7152737, 914939, 7150652, 7156576, 7158336, 7158538, 944770, 7159512, 7156713, 913187, 949036, 917056, 948198, 7158005, 7153364, 7149534, 946956, 7157791, 7149512, 7154191, 947122, 946725, 7159264, 7157984, 7149727, 948766, 7157810, 7157638, 7158509, 7157462, 7154481, 945671, 7151551, 7153314, 945773, 916984, 7153455, 7152904, 945127, 913781, 915196, 7156385, 7158400, 7151293, 7156994, 7159329, 945988, 7154100, 944843, 913453, 7153346, 7155151, 946128, 7152067, 916832, 947456, 947553, 7156337, 914569, 7153926, 7152588, 7158996, 7159494, 946904, 946630, 7153049, 7151360, 7156252, 7156423, 915833, 912388, 7151674, 947135, 7158372, 7152923, 945201, 7156323, 7157306, 915370, 947955, 7159172, 7158827, 945051, 7154410, 945381",146,4286,21998,1.3358625406708,0.999999592836705,0.487687517870793,46.0558231494731
"24","GOTERM_MF_ALL","GO:0016614~oxidoreductase activity, acting on CH-OH group of donors",7,4.11764705882353,0.0471294736221144,"7151540, 7156792, 913148, 915873, 7150688, 945777, 7151758, 947109, 7151756, 7156790, 945620, 7152629, 7155699, 7157306, 914569, 944769, 7151951, 7156995, 7158177, 7156565, 946151, 947934, 7151809",146,395,21998,2.67012311427085,0.999999822616259,0.491285035138979,47.9036201329484
"25","GOTERM_MF_ALL","GO:0005524~ATP binding",22,12.9411764705882,0.0587838733407007,"948690, 947937, 944885, 7156599, 916992, 7151754, 945184, 7152416, 948264, 7156788, 916235, 915050, 7157212, 948260, 7158459, 917625, 914072, 7157462, 7153314, 916984, 7156730, 7157117, 915857, 915196, 7158400, 7150523, 7151293, 7156994, 7152156, 946209, 947206, 7152574, 7152833, 913857, 7151690, 7152572, 946066, 945435, 946128, 7152067, 7151541, 7159346, 7157623, 7151307, 947553, 7157625, 7156337, 7158053, 948240, 7156572, 7153046, 948572, 7158999, 7153929, 7156250, 913187, 949036, 947426, 945142, 7152923, 945201, 7156323, 7150395, 7158005, 944989, 915370, 7153364, 7151224, 7151573, 7158132, 948423",146,2225,21998,1.4897829767585,0.99999999662733,0.556392470071106,55.8817687477188
"26","GOTERM_MF_ALL","GO:0032559~adenyl ribonucleotide binding",22,12.9411764705882,0.0601504573334409,"948690, 947937, 944885, 7156599, 916992, 7151754, 945184, 7152416, 948264, 7156788, 916235, 915050, 7157212, 948260, 7158459, 917625, 914072, 7157462, 7153314, 916984, 7156730, 7157117, 915857, 915196, 7158400, 7150523, 7151293, 7156994, 7152156, 946209, 947206, 7152574, 7152833, 913857, 7151690, 7152572, 946066, 945435, 946128, 7152067, 7151541, 7159346, 7157623, 7151307, 947553, 7157625, 7156337, 7158053, 948240, 7156572, 7153046, 948572, 7158999, 7153929, 7156250, 913187, 949036, 947426, 945142, 7152923, 945201, 7156323, 7150395, 7158005, 944989, 915370, 7153364, 7151224, 7151573, 7158132, 948423",146,2231,21998,1.48577638874391,0.999999997887563,0.550229106079316,56.73918107872
"27","GOTERM_MF_ALL","GO:0000166~nucleotide binding",29,17.0588235294118,0.063640773438681,"947937, 948690, 944885, 945184, 7152416, 948264, 916235, 915050, 7157212, 7158459, 917625, 948260, 3244885, 7157883, 944790, 7152629, 7156730, 7157117, 915857, 7152771, 947206, 946209, 7152574, 7152833, 913857, 7151690, 7152572, 945435, 7151895, 7156904, 7157726, 945620, 7157623, 7159346, 7151307, 7157625, 947819, 948240, 917480, 7156572, 913187, 947426, 949036, 945142, 7150395, 7158005, 7153364, 7151224, 7151573, 7158132, 948423, 7152816, 7156599, 916992, 947263, 7151754, 7156788, 915965, 945402, 914072, 7152672, 945777, 7157462, 7153314, 916984, 915196, 7150523, 7158400, 7151293, 7156994, 7151951, 7156995, 7152156, 7158511, 946066, 7150688, 913450, 946128, 7152067, 7151541, 947553, 7156337, 7158053, 914569, 7153046, 948572, 7158999, 7153929, 913148, 7156250, 7152923, 945201, 7156323, 7155699, 7157306, 944989, 915370",146,3175,21998,1.376209686118,0.999999999362496,0.55707899697351,58.8595221576653
"28","GOTERM_MF_ALL","GO:0016491~oxidoreductase activity",24,14.1176470588235,0.0647566866464838,"946762, 948529, 7151758, 7151756, 947839, 947263, 7150918, 7151067, 7158604, 945402, 945838, 7157210, 3244885, 7150222, 7157883, 7151809, 7158783, 7156792, 945777, 944790, 945672, 7156790, 7152629, 7151346, 7157329, 913643, 7152154, 7151951, 7156995, 7152771, 7159091, 7154572, 7158511, 7153010, 947934, 946913, 7151895, 7151540, 7150688, 7156904, 913450, 7154021, 947109, 946389, 7150786, 945620, 914320, 944827, 917480, 914569, 7159669, 7156090, 946151, 7156374, 7157331, 913148, 946757, 915873, 913428, 7150883, 7155368, 7153526, 7155899, 944777, 7155794, 7155935, 7155699, 946898, 7157306, 944769, 7158177, 7156565, 7152275, 7152816, 7152277",146,2513,21998,1.43896123718309,0.999999999565765,0.549962115546649,59.516857832467
"29","GOTERM_MF_ALL","GO:0042280~cell surface antigen activity, host-interacting",3,1.76470588235294,0.0667392990908696,"7151477, 7156500, 948327, 948301, 7153071, 915134, 7158028, 945354",146,64,21998,7.06271404109589,0.99999999978074,0.548108418631389,60.660796145237
"30","GOTERM_MF_ALL","GO:0050661~NADP or NADPH binding",3,1.76470588235294,0.0722784754961321,"913148, 7156904, 913450, 945777, 944790, 945620, 7152629, 7157306, 914569, 7151951, 7156995, 3244885, 7151895",146,67,21998,6.74647311388264,0.999999999967754,0.565266234236686,63.7001437405239
"31","GOTERM_MF_ALL","GO:0016616~oxidoreductase activity, acting on the CH-OH group of donors, NAD or NADP as acceptor",6,3.52941176470588,0.0815497595227851,"7156792, 913148, 7150688, 945777, 7151758, 947109, 7151756, 7156790, 945620, 7152629, 7155699, 7157306, 914569, 944769, 7151951, 7156995, 7158177, 946151, 7151809",146,349,21998,2.5903363818346,0.99999999999873,0.598704965779423,68.3052972649483
"32","GOTERM_MF_ALL","GO:0016662~oxidoreductase activity, acting on other nitrogenous compounds as donors, cytochrome as acceptor",2,1.17647058823529,0.0824028354601108,"7154021, 946389, 7159091, 7153010, 7158783",146,13,21998,23.1801896733404,0.999999999999058,0.59067962543692,68.7006290399025
"33","GOTERM_MF_ALL","GO:0016810~hydrolase activity, acting on carbon-nitrogen (but not peptide) bonds",6,3.52941176470588,0.0854164752352225,"7151360, 946201, 7159512, 912388, 7151551, 945620, 7155667, 917056, 7152629, 947456, 7157306, 945742, 7156385, 914569, 7150652, 7154410, 7149534, 7156576, 946904, 7158336",146,354,21998,2.55374970977479,0.999999999999673,0.59279772232726,70.0609453190879
"34","GOTERM_MF_ALL","GO:0016779~nucleotidyltransferase activity",6,3.52941176470588,0.0934351979957957,"948690, 7156250, 944885, 7153314, 916992, 7156730, 916984, 947426, 945184, 7156323, 947553, 916235, 7157616, 915196, 7151293, 7158400, 7157212, 7151224, 7152156, 7152565, 914072, 7151690, 948911",146,364,21998,2.48359175071504,0.999999999999981,0.616013387270886,73.4184873835223
"35","GOTERM_MF_ALL","GO:0032555~purine ribonucleotide binding",22,12.9411764705882,0.103243089281507,"948690, 947937, 944885, 7156599, 916992, 7151754, 945184, 7152416, 948264, 7156788, 916235, 915050, 7157212, 948260, 7158459, 917625, 914072, 7157462, 7153314, 916984, 7156730, 7157117, 915857, 915196, 7158400, 7150523, 7151293, 7156994, 7152156, 946209, 947206, 7152574, 7152833, 913857, 7151690, 7152572, 946066, 945435, 946128, 7152067, 7151541, 7159346, 7157623, 7151307, 947553, 7157625, 7156337, 7158053, 948240, 7156572, 7153046, 948572, 7158999, 7153929, 7156250, 913187, 949036, 947426, 945142, 7152923, 945201, 7156323, 7150395, 7158005, 944989, 915370, 7153364, 7151224, 7151573, 7158132, 948423",146,2385,21998,1.38983946469085,0.999999999999999,0.643711442056337,77.0506572035424
"36","GOTERM_MF_ALL","GO:0032553~ribonucleotide binding",22,12.9411764705882,0.103243089281507,"948690, 947937, 944885, 7156599, 916992, 7151754, 945184, 7152416, 948264, 7156788, 916235, 915050, 7157212, 948260, 7158459, 917625, 914072, 7157462, 7153314, 916984, 7156730, 7157117, 915857, 915196, 7158400, 7150523, 7151293, 7156994, 7152156, 946209, 947206, 7152574, 7152833, 913857, 7151690, 7152572, 946066, 945435, 946128, 7152067, 7151541, 7159346, 7157623, 7151307, 947553, 7157625, 7156337, 7158053, 948240, 7156572, 7153046, 948572, 7158999, 7153929, 7156250, 913187, 949036, 947426, 945142, 7152923, 945201, 7156323, 7150395, 7158005, 944989, 915370, 7153364, 7151224, 7151573, 7158132, 948423",146,2385,21998,1.38983946469085,0.999999999999999,0.643711442056337,77.0506572035424
"37","GOTERM_MF_ALL","GO:0001883~purine nucleoside binding",23,13.5294117647059,0.104392103864141,"947937, 948690, 944885, 7156599, 916992, 7151754, 945184, 7152416, 948264, 7156788, 916235, 915050, 945402, 7157212, 948260, 7158459, 917625, 7157883, 914072, 7157462, 7153314, 916984, 7156730, 7157117, 915857, 915196, 7158400, 7150523, 7151293, 7156994, 7152156, 947206, 946209, 7152574, 7152833, 913857, 7151690, 7152572, 946066, 945435, 946128, 7152067, 7151541, 7159346, 7157623, 7151307, 947553, 7157625, 7156337, 7158053, 948240, 917480, 7156572, 7153046, 948572, 7158999, 7153929, 7156250, 913187, 949036, 947426, 945142, 7152923, 945201, 7156323, 7150395, 7158005, 944989, 915370, 7153364, 7151224, 7151573, 7158132, 948423, 7152816",146,2523,21998,1.37353878563788,1,0.637352399918453,77.4446681147511
"38","GOTERM_MF_ALL","GO:0030554~adenyl nucleotide binding",23,13.5294117647059,0.104392103864141,"947937, 948690, 944885, 7156599, 916992, 7151754, 945184, 7152416, 948264, 7156788, 916235, 915050, 945402, 7157212, 948260, 7158459, 917625, 7157883, 914072, 7157462, 7153314, 916984, 7156730, 7157117, 915857, 915196, 7158400, 7150523, 7151293, 7156994, 7152156, 947206, 946209, 7152574, 7152833, 913857, 7151690, 7152572, 946066, 945435, 946128, 7152067, 7151541, 7159346, 7157623, 7151307, 947553, 7157625, 7156337, 7158053, 948240, 917480, 7156572, 7153046, 948572, 7158999, 7153929, 7156250, 913187, 949036, 947426, 945142, 7152923, 945201, 7156323, 7150395, 7158005, 944989, 915370, 7153364, 7151224, 7151573, 7158132, 948423, 7152816",146,2523,21998,1.37353878563788,1,0.637352399918453,77.4446681147511
"39","GOTERM_MF_ALL","GO:0001882~nucleoside binding",23,13.5294117647059,0.11865252872036,"947937, 948690, 944885, 7156599, 916992, 7151754, 945184, 7152416, 948264, 7156788, 916235, 915050, 945402, 7157212, 948260, 7158459, 917625, 7157883, 914072, 7157462, 7153314, 916984, 7156730, 7157117, 915857, 915196, 7158400, 7150523, 7151293, 7156994, 7152156, 947206, 946209, 7152574, 7152833, 913857, 7151690, 7152572, 946066, 945435, 946128, 7152067, 7151541, 7159346, 7157623, 7151307, 947553, 7157625, 7156337, 7158053, 948240, 917480, 7156572, 7153046, 948572, 7158999, 7153929, 7156250, 913187, 949036, 947426, 945142, 7152923, 945201, 7156323, 7150395, 7158005, 944989, 915370, 7153364, 7151224, 7151573, 7158132, 948423, 7152816",146,2565,21998,1.35104809207188,1,0.676874044278395,81.8409048814146
"40","GOTERM_MF_ALL","GO:0015103~inorganic anion transmembrane transporter activity",3,1.76470588235294,0.132123801311734,"915370, 7157559, 7157462, 7152511, 7152416, 948237, 948240",146,96,21998,4.70847602739726,1,0.708649116661994,85.251778724435
"41","GOTERM_MF_ALL","GO:0017076~purine nucleotide binding",23,13.5294117647059,0.162353707148362,"947937, 948690, 944885, 7156599, 916992, 7151754, 945184, 7152416, 948264, 7156788, 916235, 915050, 945402, 7157212, 948260, 7158459, 917625, 7157883, 914072, 7157462, 7153314, 916984, 7156730, 7157117, 915857, 915196, 7158400, 7150523, 7151293, 7156994, 7152156, 947206, 946209, 7152574, 7152833, 913857, 7151690, 7152572, 946066, 945435, 946128, 7152067, 7151541, 7159346, 7157623, 7151307, 947553, 7157625, 7156337, 7158053, 948240, 917480, 7156572, 7153046, 948572, 7158999, 7153929, 7156250, 913187, 949036, 947426, 945142, 7152923, 945201, 7156323, 7150395, 7158005, 944989, 915370, 7153364, 7151224, 7151573, 7158132, 948423, 7152816",146,2677,21998,1.29452310652386,1,0.77713574349159,90.8637384545154
"42","GOTERM_MF_ALL","GO:0016651~oxidoreductase activity, acting on NADH or NADPH",4,2.35294117647059,0.1710980435228,"946757, 946762, 7157329, 946389, 913643, 7150786, 7153010, 944827, 7155794, 7152275, 7158783, 7157331, 7152277",146,216,21998,2.79020801623541,1,0.787612626966228,92.0711613365756
"43","GOTERM_MF_ALL","GO:0008757~S-adenosylmethionine-dependent methyltransferase activity",4,2.35294117647059,0.174340724588686,"945979, 7159105, 7159320, 3244838, 947143, 7158045, 7150541, 3654571, 7151276",146,218,21998,2.76460977755435,1,0.786082183981755,92.4800259484969
"44","GOTERM_MF_ALL","GO:0008233~peptidase activity",8,4.70588235294118,0.183737710547149,"7157638, 7156713, 7155667, 7151674, 7152904, 948520, 7158372, 945127, 945742, 7157984, 913781, 7150652, 7152588, 948766, 7149534, 7159494, 7154255, 7159329, 945988, 946904, 7158336, 944843",146,704,21998,1.71217310087173,1,0.796979062152972,93.5572615472909
"45","GOTERM_MF_ALL","GO:0016301~kinase activity",10,5.88235294117647,0.191844505351726,"947937, 7156599, 7151541, 7151754, 7157623, 7156788, 7158053, 7159289, 915050, 7151135, 7156572, 948260, 7153046, 7152565, 948911, 945142, 7151172, 7156158, 7157616, 915857, 944989, 7150523, 945747, 7158132, 7151573, 946209, 913857, 948423, 7152572, 946066",146,971,21998,1.55171197607325,1,0.804658524559627,94.369854162573
"46","GOTERM_MF_ALL","GO:0042578~phosphoric ester hydrolase activity",4,2.35294117647059,0.195804246513237,"7153425, 7158509, 7149969, 915833, 7155151, 945773, 916832, 7156730, 947553, 916235, 946725, 7159172, 947955, 7154100, 7151690",146,231,21998,2.60902567751883,1,0.804424810037236,94.7312596732334
"47","GOTERM_MF_ALL","GO:0016772~transferase activity, transferring phosphorus-containing groups",15,8.82352941176471,0.202090317147605,"948690, 947937, 944885, 7156599, 916992, 7151754, 945184, 7156788, 916235, 915050, 7151135, 7157212, 948260, 7152565, 914072, 7153314, 7156730, 916984, 915857, 915196, 7151293, 7150523, 7158400, 7152156, 946209, 913857, 7151690, 7152572, 946066, 7151541, 7157623, 947553, 7159289, 7158053, 7156572, 7153046, 948911, 7156250, 947426, 7151172, 945142, 7156323, 7156158, 7157616, 944989, 945747, 7151224, 7158132, 7151573, 948423",146,1655,21998,1.36560029797624,1,0.808362891698009,95.2611401243284
"48","GOTERM_MF_ALL","GO:0016462~pyrophosphatase activity",13,7.64705882352941,0.219864293578995,"913453, 944885, 7149512, 946128, 7152067, 947456, 7152416, 948264, 7151307, 7157625, 7156337, 948240, 7152737, 914939, 948410, 917625, 7158459, 948498, 7151360, 944770, 7157462, 912388, 7156423, 913187, 949036, 7156323, 7152923, 945201, 7157117, 7158005, 915196, 7151293, 7156385, 915370, 7153364, 7156994, 7157876, 7153013, 7152574, 7152833, 7157791, 945435",146,1410,21998,1.38916739531721,1,0.830793298574392,96.5043693612989
"49","GOTERM_MF_ALL","GO:0003824~catalytic activity",97,57.0588235294118,0.223734078127621,"946201, 7153896, 948529, 7150267, 944885, 7149969, 948264, 948520, 7151226, 916235, 945742, 7153745, 915050, 945838, 917625, 948260, 3244885, 945354, 7154600, 944790, 7155676, 7152629, 7157117, 915857, 7153016, 7150661, 946013, 7152771, 7153013, 7153010, 946209, 7151891, 945435, 7151895, 7156904, 947109, 7150786, 945620, 7155667, 915202, 914320, 7159346, 948240, 7152737, 7156572, 7159669, 7150652, 7156576, 948381, 7158538, 915873, 7159512, 944770, 917056, 945142, 944777, 948658, 7156158, 7155794, 7150395, 947472, 945747, 7158138, 7153364, 7151224, 944769, 7152652, 7149534, 3829307, 7158132, 7156565, 7157791, 7156901, 7151477, 7151758, 7154191, 7151756, 947263, 7151754, 947122, 7156226, 7159264, 7149727, 945402, 7151135, 7155540, 948766, 914072, 7158783, 7157810, 7151276, 945777, 945672, 945671, 945773, 7151551, 7152904, 7151346, 7151847, 945127, 7156500, 7151951, 3244838, 947082, 7158966, 946913, 7151450, 7151540, 7150688, 7154021, 946389, 7152918, 946128, 7155151, 7151541, 947143, 7156334, 7156337, 7159289, 914569, 7159105, 7158996, 7153046, 946904, 946630, 948911, 7153049, 7151360, 7156118, 7156250, 7151460, 7156252, 7150883, 915833, 7156423, 7155899, 7151674, 947135, 7152923, 7156323, 7158372, 948517, 7155699, 7157306, 948157, 7154410, 7158177, 945511, 7156620, 945381, 948690, 7153425, 947937, 946762, 948067, 945184, 7152416, 7151067, 7157889, 7157212, 7158459, 948410, 7157210, 7152565, 946178, 7154255, 3654571, 7157883, 7151809, 948498, 7156730, 7157329, 7156483, 7157876, 7159091, 948301, 7154572, 7159582, 7158441, 7151594, 7152574, 7152833, 914128, 947934, 913857, 7151690, 7152572, 944827, 7157623, 7151307, 7157625, 7151304, 917480, 914939, 7156473, 7151826, 7156858, 7156090, 946151, 7158336, 7156374, 7157331, 946757, 915528, 913428, 7156713, 913187, 947426, 949036, 7151172, 948198, 7157616, 946898, 7158005, 947324, 946956, 7151573, 7151570, 7157998, 7157707, 946362, 948423, 7152816, 7149512, 7156599, 947839, 916992, 7156788, 7150918, 946725, 7157984, 7158604, 945307, 7150222, 7156792, 7157638, 7158509, 7157462, 945979, 7154481, 7153314, 7156790, 7158101, 916984, 7151095, 7153455, 913781, 915196, 7158400, 7150523, 7156385, 7151293, 913643, 7152154, 7156994, 7159320, 7156995, 7152156, 7158511, 7159329, 945988, 7154100, 916477, 944843, 946066, 913453, 913450, 7153346, 7152067, 916832, 947456, 7150541, 947553, 7158053, 946195, 7153926, 7152588, 7154233, 7159494, 948572, 913148, 912388, 7155368, 7153526, 7158045, 945201, 7155935, 945859, 944989, 915370, 7158827, 7159172, 947955, 945051, 946993, 7159305, 7152275, 7152277",146,13817,21998,1.05776287103142,1,0.830146833687375,96.7314508893177
"50","GOTERM_MF_ALL","GO:0005509~calcium ion binding",2,1.17647058823529,0.232616562351135,"7149969, 7155151, 916832, 7152065, 946725, 949041, 7157115",146,40,21998,7.53356164383562,1,0.836990557925015,97.2020180432853
"51","GOTERM_MF_ALL","GO:0016811~hydrolase activity, acting on carbon-nitrogen (but not peptide) bonds, in linear amides",3,1.76470588235294,0.235578521706942,"7151360, 7156385, 7159512, 912388, 7150652, 7154410, 7155667, 947456, 945742",146,140,21998,3.22866927592955,1,0.835047813168089,97.3444217998893
"52","GOTERM_MF_ALL","GO:0015407~monosaccharide-transporting ATPase activity",2,1.17647058823529,0.237683990996948,"7152067, 949036, 948264, 7152574, 7157625, 7157117",146,41,21998,7.34981623788841,1,0.831942137320391,97.4415338690093
"53","GOTERM_MF_ALL","GO:0048037~cofactor binding",13,7.64705882352941,0.241006156531939,"946762, 7150688, 7156904, 913450, 7151477, 7152918, 947263, 945620, 948067, 945184, 7151226, 917480, 914569, 945402, 945307, 946178, 3244885, 945354, 7157883, 7157331, 946757, 913148, 945777, 7151460, 7156252, 944790, 7153314, 916984, 7152629, 7155699, 7157306, 7158400, 7157329, 7156500, 7156483, 7151951, 7152771, 7156995, 7158511, 7157998, 7152275, 7152816, 7151895, 7152277",146,1440,21998,1.36022640791476,1,0.830669827683739,97.5880990199312
"54","GOTERM_MF_ALL","GO:0031406~carboxylic acid binding",3,1.76470588235294,0.245310866946047,"913781, 7158400, 7152918, 7156713, 7153314, 916984, 7151674, 945184, 945307, 7157998, 944843",146,144,21998,3.13898401826484,1,0.830854162263665,97.766455114357
"55","GOTERM_MF_ALL","GO:0016740~transferase activity",31,18.2352941176471,0.245354603495475,"948690, 947937, 7153896, 946201, 944885, 7150267, 7156599, 916992, 948067, 7151754, 945184, 7156788, 916235, 915050, 7151135, 7157212, 948260, 7152565, 945307, 3654571, 914072, 7151276, 945979, 7153314, 7151551, 7156730, 916984, 7151847, 915857, 913781, 915196, 7151293, 7158400, 7150523, 7159320, 7156483, 7152156, 3244838, 948301, 946209, 7158966, 7151891, 913857, 7151594, 7151690, 944843, 7152572, 946066, 7152918, 915202, 7151541, 947143, 7157623, 7150541, 947553, 7158053, 7159289, 7151826, 7159105, 7156572, 7156858, 7153046, 7156576, 948911, 915528, 7156250, 7151460, 7156713, 947426, 917056, 7151674, 945142, 7151172, 7158045, 7156323, 7156158, 7157616, 945859, 947472, 944989, 945747, 7158138, 948157, 7151224, 946993, 947324, 3829307, 7152652, 7158132, 7151573, 7157998, 7157707, 948423, 7156620, 7156901",146,4000,21998,1.16770205479452,1,0.825036850802866,97.7682028575256
"56","GOTERM_MF_ALL","GO:0070011~peptidase activity, acting on L-amino acid peptides",6,3.52941176470588,0.250608761835917,"7157638, 7155667, 7152904, 948520, 945742, 7157984, 7150652, 7152588, 948766, 7149534, 7159494, 945988, 7159329, 7154255, 946904, 7158336",146,513,21998,1.76223664183289,1,0.826701137389304,97.9691879173744
"57","GOTERM_MF_ALL","GO:0015608~carbohydrate-importing ATPase activity",2,1.17647058823529,0.252687739900239,"7152067, 949036, 948264, 7152574, 7157625, 7157117",146,44,21998,6.84869240348692,1,0.82392497846669,98.0439799446187
"58","GOTERM_MF_ALL","GO:0016818~hydrolase activity, acting on acid anhydrides, in phosphorus-containing anhydrides",13,7.64705882352941,0.253329422063665,"913453, 944885, 7149512, 946128, 7152067, 947456, 7152416, 948264, 7151307, 7157625, 7156337, 948240, 7152737, 914939, 948410, 917625, 7158459, 948498, 7151360, 944770, 7157462, 912388, 7156423, 913187, 949036, 7156323, 7152923, 945201, 7157117, 7158005, 915196, 7151293, 7156385, 915370, 7153364, 7156994, 7157876, 7153013, 7152574, 7152833, 7157791, 945435",146,1457,21998,1.34435554385536,1,0.819187608874831,98.0665443799393
"59","GOTERM_MF_ALL","GO:0016817~hydrolase activity, acting on acid anhydrides",13,7.64705882352941,0.253329422063665,"913453, 944885, 7149512, 946128, 7152067, 947456, 7152416, 948264, 7151307, 7157625, 7156337, 948240, 7152737, 914939, 948410, 917625, 7158459, 948498, 7151360, 944770, 7157462, 912388, 7156423, 913187, 949036, 7156323, 7152923, 945201, 7157117, 7158005, 915196, 7151293, 7156385, 915370, 7153364, 7156994, 7157876, 7153013, 7152574, 7152833, 7157791, 945435",146,1457,21998,1.34435554385536,1,0.819187608874831,98.0665443799393
"60","GOTERM_MF_ALL","GO:0043211~carbohydrate-transporting ATPase activity",2,1.17647058823529,0.272237475113841,"7152067, 949036, 948264, 7152574, 7157625, 7157117",146,48,21998,6.27796803652968,1,0.839142724536089,98.6326702144565
"61","GOTERM_MF_ALL","GO:0008173~RNA methyltransferase activity",3,1.76470588235294,0.277155380890291,"7159105, 7159320, 7156858, 947143, 7150541, 7151847, 7151276",146,157,21998,2.879068144141,1,0.840144484193125,98.7523342079116
"62","GOTERM_MF_ALL","GO:0043225~anion transmembrane-transporting ATPase activity",2,1.17647058823529,0.281821020193735,"915370, 7157462, 7152416, 948240",146,50,21998,6.02684931506849,1,0.840836473395151,98.8568253163436
"63","GOTERM_MF_ALL","GO:0003723~RNA binding",5,2.94117647058824,0.291491203787688,"7152672, 7157726, 7152702, 7152674, 7156730, 947817, 947553, 916235, 7157435, 7151847, 947819, 915962, 915965, 945152, 912729, 7156858, 7157728, 7151690",146,414,21998,1.81970088015353,1,0.847510423431876,99.0481029374262
"64","GOTERM_MF_ALL","GO:0030528~transcription regulator activity",17,10,0.320976365300122,"949024, 7150786, 7159697, 948327, 946769, 7158844, 947602, 944827, 945869, 7158646, 7158052, 946590, 7156803, 7153643, 7159669, 7154233, 7152269, 7152565, 7153122, 7153944, 948911, 948496, 948381, 946373, 7152546, 7158207, 7150205, 7158738, 7153071, 7153762, 7156292, 7158028, 7153549, 7155794, 7157616, 7151769, 947278, 948849, 7150549, 913643, 7156463, 7157323, 7159017, 7159305, 915134, 7154572, 948427, 7152476",146,2118,21998,1.20935361610203,1,0.874748698236987,99.4639033457408
"65","GOTERM_MF_ALL","GO:0004177~aminopeptidase activity",2,1.17647058823529,0.323419182528841,"7157984, 948766, 7159494, 7152904, 945988",146,59,21998,5.10749941954957,1,0.872851733274859,99.4893756103372
"66","GOTERM_MF_ALL","GO:0008509~anion transmembrane transporter activity",3,1.76470588235294,0.324647736892875,"915370, 7157559, 7157462, 7152511, 7152416, 948237, 948240",146,178,21998,2.5394028012929,1,0.869786001917184,99.5017582979188
"67","GOTERM_MF_ALL","GO:0030145~manganese ion binding",3,1.76470588235294,0.35263628161806,"7157984, 7151450, 946195, 7156473, 948766, 7152904, 916477, 7157791, 7152737, 914939, 948498",146,188,21998,2.40432818420286,1,0.891667625566871,99.7187118146389
"68","GOTERM_MF_ALL","GO:0000036~acyl carrier activity",2,1.17647058823529,0.371024488480007,"7158400, 7156252, 7153314, 916984, 945184, 946178, 7151226",146,70,21998,4.30489236790607,1,0.902976711780624,99.8094036442805
"69","GOTERM_MF_ALL","GO:0016887~ATPase activity",8,4.70588235294118,0.372772618508147,"944885, 7157462, 946128, 7152067, 913187, 949036, 7152416, 948264, 7156323, 7151307, 945201, 7152923, 7157625, 7156337, 948240, 7157117, 7158005, 915196, 7151293, 915370, 7153364, 917625, 7158459, 7152574, 945435",146,891,21998,1.35282812908384,1,0.900808453680739,99.8164357443835
"70","GOTERM_MF_ALL","GO:0042626~ATPase activity, coupled to transmembrane movement of substances",4,2.35294117647059,0.385423374855395,"915370, 7157462, 7152067, 949036, 7152416, 948264, 7152574, 7157625, 948240, 7157117",146,338,21998,1.78309151333387,1,0.906994777065749,99.8605997050897
"71","GOTERM_MF_ALL","GO:0043492~ATPase activity, coupled to movement of substances",4,2.35294117647059,0.385423374855395,"915370, 7157462, 7152067, 949036, 7152416, 948264, 7152574, 7157625, 948240, 7157117",146,338,21998,1.78309151333387,1,0.906994777065749,99.8605997050897
"72","GOTERM_MF_ALL","GO:0016788~hydrolase activity, acting on ester bonds",9,5.29411764705882,0.401258702501799,"7153425, 7153346, 7149969, 7155151, 916832, 945184, 947553, 947122, 916235, 946725, 7157889, 7149727, 7153049, 7157810, 7158509, 915833, 7153314, 945773, 916984, 7156730, 7158372, 945127, 7158400, 947955, 7159172, 945051, 7158441, 7154100, 7151690, 945381",146,1062,21998,1.27687485488739,1,0.915000119967447,99.9020204483853
"73","GOTERM_MF_ALL","GO:0016661~oxidoreductase activity, acting on other nitrogenous compounds as donors",2,1.17647058823529,0.403542647778412,"7154021, 946389, 7159091, 7153010, 7158783",146,78,21998,3.86336494555673,1,0.913442952246041,99.9069500744988
"74","GOTERM_MF_ALL","GO:0015405~P-P-bond-hydrolysis-driven transmembrane transporter activity",4,2.35294117647059,0.404962622354951,"915370, 7157462, 7152067, 949036, 7152416, 948264, 7152574, 7157625, 948240, 7157117",146,349,21998,1.72689092122306,1,0.911310306717621,99.9098980669407
"75","GOTERM_MF_ALL","GO:0015399~primary active transmembrane transporter activity",4,2.35294117647059,0.404962622354951,"915370, 7157462, 7152067, 949036, 7152416, 948264, 7152574, 7157625, 948240, 7157117",146,349,21998,1.72689092122306,1,0.911310306717621,99.9098980669407
"76","GOTERM_MF_ALL","GO:0050662~coenzyme binding",8,4.70588235294118,0.405301021723199,"7156904, 7150688, 913450, 7151477, 7152918, 945620, 947263, 917480, 914569, 945402, 945307, 3244885, 945354, 7157883, 913148, 945777, 944790, 7152629, 7155699, 7157306, 7156500, 7151951, 7156995, 7152771, 7158511, 7157998, 7151895, 7152816",146,921,21998,1.30876206624723,1,0.908427075354522,99.9105877338493
"77","GOTERM_MF_ALL","GO:0016820~hydrolase activity, acting on acid anhydrides, catalyzing transmembrane movement of substances",4,2.35294117647059,0.422571977615897,"915370, 7157462, 7152067, 949036, 7152416, 948264, 7152574, 7157625, 948240, 7157117",146,359,21998,1.67878811004693,1,0.917140484379537,99.939949797
"78","GOTERM_MF_ALL","GO:0008415~acyltransferase activity",5,2.94117647058824,0.425582387630138,"946201, 7156250, 7152918, 7151826, 7151224, 916992, 7151551, 947324, 947426, 917056, 3829307, 945307, 7156576, 7157998, 7151891, 7156901",146,504,21998,1.49475429441183,1,0.916205988571704,99.9440433420525
"79","GOTERM_MF_ALL","GO:0016747~transferase activity, transferring acyl groups other than amino-acyl groups",5,2.94117647058824,0.454896867740237,"946201, 7156250, 7152918, 7151826, 7151224, 916992, 7151551, 947324, 947426, 917056, 3829307, 945307, 7156576, 7157998, 7151891, 7156901",146,524,21998,1.43770260378542,1,0.931195272940018,99.9724211250407
"80","GOTERM_MF_ALL","GO:0008168~methyltransferase activity",5,2.94117647058824,0.456350727672528,"945979, 7159105, 7159320, 7156858, 3244838, 947143, 7158045, 7150541, 3654571, 7151847, 7151276",146,525,21998,1.43496412263536,1,0.929485383084908,99.9733982597393
"81","GOTERM_MF_ALL","GO:0048038~quinone binding",2,1.17647058823529,0.46365358918885,"946757, 946762, 7157329, 7152275, 7157331, 7152277",146,94,21998,3.20577091227047,1,0.931068325925375,99.9778396464456
"82","GOTERM_MF_ALL","GO:0005507~copper ion binding",2,1.17647058823529,0.467204092730835,"946201, 7154021, 7151551, 7159091, 917056, 7156576",146,95,21998,3.17202595529921,1,0.930580477261712,99.979741125502
"83","GOTERM_MF_ALL","GO:0016758~transferase activity, transferring hexosyl groups",2,1.17647058823529,0.47771615652003,"913781, 7156713, 7151674, 948301, 944843",146,98,21998,3.0749231199329,1,0.933879419916956,99.9845217986473
"84","GOTERM_MF_ALL","GO:0015145~monosaccharide transmembrane transporter activity",2,1.17647058823529,0.481174200240662,"7152067, 949036, 948264, 7152574, 7157625, 7157117",146,99,21998,3.04386329043863,1,0.933388293486924,99.9858501452751
"85","GOTERM_MF_ALL","GO:0016746~transferase activity, transferring acyl groups",5,2.94117647058824,0.487994333930741,"946201, 7156250, 7152918, 7151826, 7151224, 916992, 7151551, 947324, 947426, 917056, 3829307, 945307, 7156576, 7157998, 7151891, 7156901",146,547,21998,1.37725075755679,1,0.934684136777555,99.9881660671848
"86","GOTERM_MF_ALL","GO:0016741~transferase activity, transferring one-carbon groups",5,2.94117647058824,0.492254191205685,"945979, 7159105, 7159320, 7156858, 3244838, 947143, 7158045, 7150541, 3654571, 7151847, 7151276",146,550,21998,1.36973848069738,1,0.934652865633022,99.9894289173605
"87","GOTERM_MF_ALL","GO:0008237~metallopeptidase activity",3,1.76470588235294,0.498544063545938,"7157984, 7157638, 7152588, 7150652, 948766, 7155667, 7152904, 945742",146,253,21998,1.78661540960528,1,0.935681964950921,99.9910669958718
"88","GOTERM_MF_ALL","GO:0004091~carboxylesterase activity",2,1.17647058823529,0.530397621895723,"7153346, 7158441, 7158372, 945127, 945381",146,114,21998,2.64335496274934,1,0.948602631360646,99.9963186256704
"89","GOTERM_MF_ALL","GO:0008137~NADH dehydrogenase (ubiquinone) activity",2,1.17647058823529,0.53350913465806,"946757, 946762, 7157329, 7152275, 7157331, 7152277",146,115,21998,2.62036926742108,1,0.948087613779095,99.9966347844843
"90","GOTERM_MF_ALL","GO:0017111~nucleoside-triphosphatase activity",10,5.88235294117647,0.535088966874057,"944885, 946128, 7152067, 947456, 7152416, 948264, 7151307, 7157625, 7156337, 948240, 917625, 7158459, 7151360, 7157462, 912388, 913187, 949036, 7152923, 945201, 7156323, 7157117, 7158005, 915196, 7156385, 7151293, 915370, 7153364, 7156994, 7152574, 7152833, 945435",146,1350,21998,1.11608320649417,1,0.946921606566116,99.9967855038456
"91","GOTERM_MF_ALL","GO:0016757~transferase activity, transferring glycosyl groups",3,1.76470588235294,0.53729239690707,"913781, 915528, 7150267, 7158138, 948157, 7156713, 7151674, 948301, 944843",146,272,21998,1.66181506849315,1,0.946036167582549,99.9969852957244
"92","GOTERM_MF_ALL","GO:0016835~carbon-oxygen lyase activity",3,1.76470588235294,0.551045251921318,"7149727, 7154600, 7155540, 7151570, 947082, 947122, 7156226, 946362, 7157810",146,279,21998,1.62012078362056,1,0.950136620257852,99.9979943920155
"93","GOTERM_MF_ALL","GO:0008270~zinc ion binding",6,3.52941176470588,0.554204831725741,"7157638, 945100, 7151756, 945620, 7156790, 7152629, 7151541, 7151686, 7157306, 7158350, 7157889, 914569, 945051, 915050, 944769, 7156572, 7152588, 914629, 948423, 7153049",146,751,21998,1.20376484322273,1,0.949719738403485,99.9981768737566
"94","GOTERM_MF_ALL","GO:0005381~iron ion transmembrane transporter activity",2,1.17647058823529,0.554723852160006,"7151644, 7153490, 7158576, 7157566, 945649, 7151318, 945843",146,122,21998,2.47002021109364,1,0.948203173946429,99.9982053360801
"95","GOTERM_MF_ALL","GO:0050136~NADH dehydrogenase (quinone) activity",2,1.17647058823529,0.557675261960327,"946757, 946762, 7157329, 7152275, 7157331, 7152277",146,123,21998,2.4499387459628,1,0.947724315606438,99.9983595170283
"96","GOTERM_MF_ALL","GO:0042625~ATPase activity, coupled to transmembrane movement of ions",2,1.17647058823529,0.557675261960327,"915370, 7157462, 7152416, 948240",146,123,21998,2.4499387459628,1,0.947724315606438,99.9983595170283
"97","GOTERM_MF_ALL","GO:0003954~NADH dehydrogenase activity",2,1.17647058823529,0.563519922518375,"946757, 946762, 7157329, 7152275, 7157331, 7152277",146,125,21998,2.4107397260274,1,0.948492232914023,99.9986292964183
"98","GOTERM_MF_ALL","GO:0003700~transcription factor activity",12,7.05882352941176,0.565738751683307,"7150786, 7159697, 946769, 947602, 944827, 945869, 7158646, 946590, 7156803, 7153643, 7154233, 7152269, 7153122, 7153944, 948381, 946373, 7152546, 7158207, 7150205, 7158738, 7156292, 7153549, 7151769, 7155794, 947278, 948849, 913643, 7156463, 7157323, 7159017, 7159305, 948427, 7152476",146,1694,21998,1.0673286862577,1,0.947736785653616,99.9987204787741
"99","GOTERM_MF_ALL","GO:0016655~oxidoreductase activity, acting on NADH or NADPH, quinone or similar compound as acceptor",2,1.17647058823529,0.57747978337738,"946757, 946762, 7157329, 7152275, 7157331, 7152277",146,130,21998,2.31801896733404,1,0.950969510597484,99.9991163832215
"100","GOTERM_MF_ALL","GO:0015291~secondary active transmembrane transporter activity",6,3.52941176470588,0.581201991439274,"948529, 7157559, 7157462, 7152067, 7152511, 949036, 914320, 948237, 7152416, 948264, 7157625, 7157117, 948240, 915370, 7152574",146,774,21998,1.16799405330785,1,0.950881877190849,99.9992159251983
"101","GOTERM_MF_ALL","GO:0016620~oxidoreductase activity, acting on the aldehyde or oxo group of donors, NAD or NADP as acceptor",2,1.17647058823529,0.582864794135836,"913148, 7158604, 945777, 945672, 7153526, 7151951, 7156995",146,132,21998,2.28289746782897,1,0.949968189913111,99.9992569460594
"102","GOTERM_MF_ALL","GO:0016853~isomerase activity",5,2.94117647058824,0.594577267799169,"7151450, 7151477, 7158101, 7156334, 7151304, 7153016, 7156473, 946195, 7156500, 946013, 7154233, 7159305, 945511, 945354, 916477, 948381",146,626,21998,1.20344435205042,1,0.953117063054543,99.999494229236
"103","GOTERM_MF_ALL","GO:0016627~oxidoreductase activity, acting on the CH-CH group of donors",2,1.17647058823529,0.605416091968785,"948529, 945402, 914320, 7157883, 917480, 7152816",146,141,21998,2.13718060818032,1,0.955803880793021,99.9996492548238
"104","GOTERM_MF_ALL","GO:0042623~ATPase activity, coupled",4,2.35294117647059,0.614627416001247,"915370, 7157462, 7152067, 949036, 7152416, 948264, 7152574, 7157625, 948240, 7157117",146,479,21998,1.25821488832328,1,0.957801688205195,99.999745065969
"105","GOTERM_MF_ALL","GO:0015075~ion transmembrane transporter activity",8,4.70588235294118,0.615073301793289,"7153490, 948529, 7157559, 7158576, 7157462, 7157566, 7152067, 7152511, 949036, 914320, 7151318, 7152416, 948237, 948264, 945843, 7157625, 948240, 7157117, 7151644, 915370, 945649, 7152574",146,1124,21998,1.07239311656023,1,0.956581912989368,99.9997490214085
"106","GOTERM_MF_ALL","GO:0016765~transferase activity, transferring alkyl or aryl (other than methyl) groups",2,1.17647058823529,0.628217579014941,"948690, 947472, 7157212, 7152156, 914072, 7151594, 7156620",146,148,21998,2.03609774157719,1,0.959972945083603,99.9998430270812
"107","GOTERM_MF_ALL","GO:0046915~transition metal ion transmembrane transporter activity",2,1.17647058823529,0.629390035322028,"7151644, 7153490, 7158576, 7157566, 945649, 7151318, 945843",146,149,21998,2.02243265606325,1,0.959082128265687,99.9998495832602
"108","GOTERM_MF_ALL","GO:0060089~molecular transducer activity",6,3.52941176470588,0.630352054634189,"949024, 7153490, 949042, 1238755, 7158576, 7151415, 945961, 7157566, 7158844, 7152065, 7153762, 7151318, 7150949, 945843, 7156441, 7157115, 7151644, 7152470, 945649, 7157515, 949041",146,818,21998,1.10516796731085,1,0.958115075435769,99.999854772335
"109","GOTERM_MF_ALL","GO:0004871~signal transducer activity",6,3.52941176470588,0.630352054634189,"949024, 7153490, 949042, 1238755, 7158576, 7151415, 945961, 7157566, 7158844, 7152065, 7153762, 7151318, 7150949, 945843, 7156441, 7157115, 7151644, 7152470, 945649, 7157515, 949041",146,818,21998,1.10516796731085,1,0.958115075435769,99.999854772335
"110","GOTERM_MF_ALL","GO:0016667~oxidoreductase activity, acting on sulfur group of donors",2,1.17647058823529,0.637729068574839,"913643, 7150786, 944827, 7155794, 7155935, 7150918",146,153,21998,1.96955859969559,1,0.959455752393786,99.9998893893892
"111","GOTERM_MF_ALL","GO:0015082~di-, tri-valent inorganic cation transmembrane transporter activity",2,1.17647058823529,0.640133705126766,"7151644, 7153490, 7158576, 7157566, 945649, 7151318, 945843",146,154,21998,1.95676925813912,1,0.959035986521574,99.9998989049621
"112","GOTERM_MF_ALL","GO:0016903~oxidoreductase activity, acting on the aldehyde or oxo group of donors",2,1.17647058823529,0.64725291811021,"913148, 7158604, 945777, 945672, 7153526, 7151951, 7156995",146,157,21998,1.91937876276067,1,0.960292078244861,99.9999228176105
"113","GOTERM_MF_ALL","GO:0016798~hydrolase activity, acting on glycosyl bonds",3,1.76470588235294,0.65062600390452,"7158538, 7151360, 7156385, 7149727, 912388, 945671, 7153455, 947456, 947122, 7157810",146,335,21998,1.34929462277653,1,0.960242008447936,99.9999322116827
"114","GOTERM_MF_ALL","GO:0016874~ligase activity",3,1.76470588235294,0.714646524252208,"7158400, 7156250, 7151224, 7153314, 916992, 916984, 947426, 945184, 7159346, 948572, 7150395",146,378,21998,1.19580343552946,1,0.977838562782536,99.9999955967251
"115","GOTERM_MF_ALL","GO:0046873~metal ion transmembrane transporter activity",2,1.17647058823529,0.731621569240014,"7151644, 7153490, 7158576, 7157566, 945649, 7151318, 945843",146,198,21998,1.52193164521932,1,0.980905687755801,99.9999980768853
"116","GOTERM_MF_ALL","GO:0030246~carbohydrate binding",2,1.17647058823529,0.738691470147043,"7152546, 7159697, 7154233, 7159305, 948381, 946373",146,202,21998,1.49179438491794,1,0.981708294025956,99.9999986590798
"117","GOTERM_MF_ALL","GO:0016773~phosphotransferase activity, alcohol group as acceptor",6,3.52941176470588,0.739617910621719,"947937, 7156599, 7151754, 7151541, 945142, 7157623, 7156788, 7156158, 7158053, 915857, 7150523, 945747, 915050, 7151135, 7156572, 948260, 7151573, 7152572, 948423, 946066",146,931,21998,0.971028353663022,1,0.9812223970093,99.9999987218895
"118","GOTERM_MF_ALL","GO:0016791~phosphatase activity",2,1.17647058823529,0.747269267627584,"7153425, 7158509, 945773, 7156730, 947553, 916235, 7151690",146,207,21998,1.45576070412282,1,0.982159081137408,99.9999991457017
"119","GOTERM_MF_ALL","GO:0051536~iron-sulfur cluster binding",5,2.94117647058824,0.752266626785048,"946762, 946757, 7158003, 913428, 949014, 944777, 7151346, 947122, 7152779, 7157329, 7149727, 914033, 7152275, 7156374, 7157810, 7152277, 7157331",146,771,21998,0.9771156477089,1,0.982541411167075,99.999999347689
"120","GOTERM_MF_ALL","GO:0051540~metal cluster binding",5,2.94117647058824,0.752266626785048,"946762, 946757, 7158003, 913428, 949014, 944777, 7151346, 947122, 7152779, 7157329, 7149727, 914033, 7152275, 7156374, 7157810, 7152277, 7157331",146,771,21998,0.9771156477089,1,0.982541411167075,99.999999347689
"121","GOTERM_MF_ALL","GO:0016836~hydro-lyase activity",2,1.17647058823529,0.752281104146509,"7154600, 7155540, 7151570, 947082, 7156226, 946362",146,210,21998,1.43496412263536,1,0.981901919534335,99.9999993482037
"122","GOTERM_MF_ALL","GO:0005351~sugar:hydrogen symporter activity",3,1.76470588235294,0.80775621965638,"948529, 7152067, 949036, 914320, 948264, 7152574, 7157625, 7157117",146,458,21998,0.986929472991565,1,0.990894665000961,99.9999999787733
"123","GOTERM_MF_ALL","GO:0015295~solute:hydrogen symporter activity",3,1.76470588235294,0.80775621965638,"948529, 7152067, 949036, 914320, 948264, 7152574, 7157625, 7157117",146,458,21998,0.986929472991565,1,0.990894665000961,99.9999999787733
"124","GOTERM_MF_ALL","GO:0005402~cation:sugar symporter activity",3,1.76470588235294,0.808728246767623,"948529, 7152067, 949036, 914320, 948264, 7152574, 7157625, 7157117",146,459,21998,0.984779299847793,1,0.990646402345456,99.9999999801781
"125","GOTERM_MF_ALL","GO:0022890~inorganic cation transmembrane transporter activity",2,1.17647058823529,0.835252071526036,"7151644, 7153490, 7158576, 7157566, 945649, 7151318, 945843",146,271,21998,1.11196481827832,1,0.993586488245249,99.9999999973608
"126","GOTERM_MF_ALL","GO:0051539~4 iron, 4 sulfur cluster binding",3,1.76470588235294,0.841760954561356,"946757, 946762, 7157329, 7149727, 947122, 7152275, 7157810, 7157331, 7152277",146,496,21998,0.911317940786566,1,0.994010298989004,99.9999999984689
"127","GOTERM_MF_ALL","GO:0016407~acetyltransferase activity",2,1.17647058823529,0.86343386342929,"7152918, 947324, 945307, 7157998, 7151891, 7156901",146,299,21998,1.00783433362349,1,0.995827986001898,99.9999999997906
"128","GOTERM_MF_ALL","GO:0004519~endonuclease activity",2,1.17647058823529,0.86343386342929,"7157889, 945051, 7149727, 947122, 7153049, 7157810",146,299,21998,1.00783433362349,1,0.995827986001898,99.9999999997906
"129","GOTERM_MF_ALL","GO:0051119~sugar transmembrane transporter activity",3,1.76470588235294,0.867494752547899,"948529, 7152067, 949036, 914320, 948264, 7152574, 7157625, 7157117",146,530,21998,0.852856035151202,1,0.995975261020346,99.9999999998607
"130","GOTERM_MF_ALL","GO:0015294~solute:cation symporter activity",3,1.76470588235294,0.873637684617802,"948529, 7152067, 949036, 914320, 948264, 7152574, 7157625, 7157117",146,539,21998,0.838615396345338,1,0.996292485569237,99.9999999999266
"131","GOTERM_MF_ALL","GO:0016829~lyase activity",5,2.94117647058824,0.875010971530082,"7156118, 7154600, 7155676, 7151095, 948658, 947122, 948517, 7156226, 7150661, 7149727, 7155540, 7151570, 947082, 914128, 946362, 7157810",146,946,21998,0.796359581800805,1,0.996227699819133,99.9999999999367
"132","GOTERM_MF_ALL","GO:0022892~substrate-specific transporter activity",11,6.47058823529412,0.880566133214722,"7153490, 948529, 7157559, 7152067, 945184, 914320, 7152416, 948264, 945843, 7157625, 7151226, 948240, 946178, 7158576, 7157462, 7156252, 7153331, 7157566, 7152511, 7153314, 916984, 949036, 7151318, 948237, 7157117, 7151644, 7158400, 915370, 7158421, 945649, 7152574, 948900",146,2056,21998,0.806120409359842,1,0.99649981220893,99.9999999999658
"133","GOTERM_MF_ALL","GO:0008324~cation transmembrane transporter activity",5,2.94117647058824,0.885498900566979,"7153490, 948529, 7158576, 7157566, 7152067, 949036, 914320, 7151318, 948264, 945843, 7157625, 7157117, 7151644, 945649, 7152574",146,967,21998,0.779065319941636,1,0.996719993775633,99.9999999999806
"134","GOTERM_MF_ALL","GO:0015293~symporter activity",3,1.76470588235294,0.89569000701239,"948529, 7152067, 949036, 914320, 948264, 7152574, 7157625, 7157117",146,575,21998,0.786110780226325,1,0.997307913662983,99.9999999999945
"135","GOTERM_MF_ALL","GO:0008565~protein transporter activity",2,1.17647058823529,0.896978086356967,"7153490, 7158576, 7158421, 7153331, 945843, 948900",146,341,21998,0.883702245611216,1,0.997265983753283,99.9999999999954
"136","GOTERM_MF_ALL","GO:0022891~substrate-specific transmembrane transporter activity",8,4.70588235294118,0.913681930942233,"7153490, 948529, 7157559, 7158576, 7157462, 7157566, 7152067, 7152511, 949036, 914320, 7151318, 7152416, 948237, 948264, 945843, 7157625, 948240, 7157117, 7151644, 915370, 945649, 7152574",146,1612,21998,0.747748053978721,1,0.998182819691976,99.9999999999996
"137","GOTERM_MF_ALL","GO:0015144~carbohydrate transmembrane transporter activity",3,1.76470588235294,0.921753402992025,"948529, 7152067, 949036, 914320, 948264, 7152574, 7157625, 7157117",146,628,21998,0.71976703603525,1,0.998513415822474,99.9999999999999
"138","GOTERM_MF_ALL","GO:0022804~active transmembrane transporter activity",6,3.52941176470588,0.936112986752561,"948529, 7157559, 7157462, 7152067, 7152511, 949036, 914320, 948237, 7152416, 948264, 7157625, 7157117, 948240, 915370, 7152574",146,1304,21998,0.693272543911253,1,0.999064155780334,100
"139","GOTERM_MF_ALL","GO:0043565~sequence-specific DNA binding",3,1.76470588235294,0.94602123711158,"7153643, 7152565, 7158738, 948800, 7157616, 948911, 946590",146,695,21998,0.650379422489406,1,0.999353232333043,100
"140","GOTERM_MF_ALL","GO:0019842~vitamin binding",2,1.17647058823529,0.963274153115111,"7158400, 7151460, 7156483, 7153314, 948067, 916984, 945184",146,494,21998,0.610004991403694,1,0.999738186719218,100
"141","GOTERM_MF_ALL","GO:0004518~nuclease activity",2,1.17647058823529,0.964254806366024,"7157889, 945051, 7149727, 947122, 7153049, 7157810",146,498,21998,0.605105352918523,1,0.999739125626001,100
"142","GOTERM_MF_ALL","GO:0005215~transporter activity",18,10.5882352941176,0.969214948864159,"948529, 948063, 7157559, 945184, 7152416, 948264, 945843, 7151226, 7157515, 946178, 7158591, 1238755, 7157462, 7157566, 7153314, 916984, 948237, 7156441, 7157117, 7151654, 7151644, 7158400, 7152470, 7154244, 7152574, 7156681, 949042, 7153490, 945961, 7152067, 914320, 7157625, 948240, 7152113, 947766, 7156197, 7158576, 7151415, 7156252, 7153331, 7152511, 945951, 949036, 7151318, 7150949, 948422, 915370, 7151168, 7158421, 945649, 949030, 7156568, 948900",146,3736,21998,0.725932064181162,1,0.999807550696093,100
"143","GOTERM_MF_ALL","GO:0009055~electron carrier activity",4,2.35294117647059,0.969992341193429,"946757, 946762, 7157329, 946389, 945402, 7153010, 7157883, 7152275, 7158783, 917480, 7152816, 7157331, 7152277",146,1039,21998,0.580062494231809,1,0.999807083557032,100
"144","GOTERM_MF_ALL","GO:0022857~transmembrane transporter activity",8,4.70588235294118,0.971689632639407,"7153490, 948529, 7157559, 7158576, 7157462, 7157566, 7152067, 7152511, 949036, 914320, 7151318, 7152416, 948237, 948264, 945843, 7157625, 948240, 7157117, 7151644, 915370, 945649, 7152574",146,1900,21998,0.634405191059841,1,0.99982131891096,100
"145","GOTERM_MF_ALL","GO:0003676~nucleic acid binding",30,17.6470588235294,0.986286275128681,"949024, 948327, 946769, 7158844, 947602, 7157551, 945869, 7158646, 947122, 916235, 915962, 946590, 7157127, 945152, 915965, 7158350, 7157889, 7149727, 912729, 7152565, 7153122, 3654571, 7153944, 914629, 7157810, 7151276, 7152672, 7158207, 7152674, 7156730, 7153762, 7158028, 7153549, 7151847, 913643, 7157323, 7159017, 3244838, 947206, 7157728, 7151690, 7152476, 7157726, 7150786, 7159697, 7151686, 944827, 947817, 947553, 7157435, 948800, 947819, 7158723, 7156803, 7159105, 7153643, 7154233, 7156858, 7152269, 7158999, 948911, 948381, 7153049, 7153929, 946373, 7151414, 945100, 7152702, 7152546, 7150205, 7158738, 7156292, 7153071, 944993, 7155794, 7151769, 7157616, 947278, 945499, 946235, 948849, 7151871, 945051, 7156463, 7152503, 7159305, 915134, 948427",146,6070,21998,0.744668366771231,1,0.999966610316115,100
"146","GOTERM_MF_ALL","GO:0003677~DNA binding",21,12.3529411764706,0.999218299137896,"949024, 948327, 946769, 7158844, 947602, 7157551, 945869, 947122, 7158646, 946590, 7158350, 7149727, 7152565, 7153122, 7153944, 914629, 7157810, 7158207, 7153762, 7158028, 7153549, 913643, 7157323, 7159017, 947206, 7152476, 7150786, 7159697, 7151686, 944827, 948800, 7158723, 7156803, 7153643, 7154233, 7152269, 7158999, 948911, 948381, 7153929, 946373, 945100, 7152546, 7150205, 7158738, 7153071, 7156292, 7151769, 7157616, 7155794, 947278, 945499, 948849, 946235, 7151871, 7156463, 7159305, 7152503, 915134, 948427",146,5283,21998,0.598920289685966,1,0.999999961155776,100
"147","GOTERM_MF_ALL","GO:0003987~acetate-CoA ligase activity",1,0.588235294117647,1,"7159346, 948572, 7150395",146,6,21998,25.1118721461187,1,1,100
"148","GOTERM_MF_ALL","GO:0008835~diaminohydroxyphosphoribosylaminopyrimidine deaminase activity",1,0.588235294117647,1,"914569, 945620, 7152629, 7157306",146,1,21998,150.671232876712,1,1,100
"149","GOTERM_MF_ALL","GO:0004764~shikimate 5-dehydrogenase activity",1,0.588235294117647,1,"913148, 945777, 7151951, 7156995",146,12,21998,12.5559360730594,1,1,100
"150","GOTERM_MF_ALL","GO:0019205~nucleobase, nucleoside, nucleotide kinase activity",1,0.588235294117647,1,"944989, 7153046, 7158132, 913857",146,23,21998,6.55092316855271,1,1,100
"151","GOTERM_MF_ALL","GO:0030234~enzyme regulator activity",1,0.588235294117647,1,"7157134, 945744, 7153466, 913203",146,104,21998,1.44876185458377,1,1,100
"152","GOTERM_MF_ALL","GO:0070279~vitamin B6 binding",1,0.588235294117647,1,"7151460, 7156483, 948067",146,359,21998,0.419697027511734,1,1,100
"153","GOTERM_MF_ALL","GO:0008715~CDP-diacylglycerol diphosphatase activity",1,0.588235294117647,1,"7157876, 948410, 7153013",146,5,21998,30.1342465753425,1,1,100
"154","GOTERM_MF_ALL","GO:0008796~bis(5'-nucleosyl)-tetraphosphatase activity",1,0.588235294117647,1,"913453, 944770, 7149512, 7156423",146,2,21998,75.3356164383562,1,1,100
"155","GOTERM_MF_ALL","GO:0008235~metalloexopeptidase activity",1,0.588235294117647,1,"7157984, 948766, 7152904",146,43,21998,3.50398215992354,1,1,100
"156","GOTERM_MF_ALL","GO:0043176~amine binding",1,0.588235294117647,1,"7158400, 7153314, 916984, 945184",146,85,21998,1.77260273972603,1,1,100
"157","GOTERM_MF_ALL","GO:0016803~ether hydrolase activity",1,0.588235294117647,1,"7156252, 946178, 7151226",146,6,21998,25.1118721461187,1,1,100
"158","GOTERM_MF_ALL","GO:0016435~rRNA (guanine) methyltransferase activity",1,0.588235294117647,1,"7159105, 7151276",146,14,21998,10.7622309197652,1,1,100
"159","GOTERM_MF_ALL","GO:0031405~lipoic acid binding",1,0.588235294117647,1,"7152918, 945307, 7157998",146,16,21998,9.41695205479452,1,1,100
"160","GOTERM_MF_ALL","GO:0046983~protein dimerization activity",1,0.588235294117647,1,"7150652, 7155667, 945742",146,105,21998,1.43496412263536,1,1,100
"161","GOTERM_MF_ALL","GO:0019239~deaminase activity",1,0.588235294117647,1,"914569, 945620, 7152629, 7157306",146,40,21998,3.76678082191781,1,1,100
"162","GOTERM_MF_ALL","GO:0016857~racemase and epimerase activity, acting on carbohydrates and derivatives",1,0.588235294117647,1,"7151477, 7156500, 945354",146,97,21998,1.55331167914136,1,1,100
"163","GOTERM_MF_ALL","GO:0030983~mismatched DNA binding",1,0.588235294117647,1,"947206, 7158999, 7153929",146,6,21998,25.1118721461187,1,1,100
"164","GOTERM_MF_ALL","GO:0016726~oxidoreductase activity, acting on CH or CH2 groups, NAD or NADP as acceptor",1,0.588235294117647,1,"913428, 944777, 7151346, 7156374",146,19,21998,7.93006488824802,1,1,100
"165","GOTERM_MF_ALL","GO:0008374~O-acyltransferase activity",1,0.588235294117647,1,"7152918, 945307, 7157998",146,45,21998,3.3482496194825,1,1,100
"166","GOTERM_MF_ALL","GO:0008800~beta-lactamase activity",1,0.588235294117647,1,"7149534, 946904, 7158336",146,21,21998,7.17482061317678,1,1,100
"167","GOTERM_MF_ALL","GO:0008909~isochorismate synthase activity",1,0.588235294117647,1,"945511, 7156334, 7151304",146,10,21998,15.0671232876712,1,1,100
"168","GOTERM_MF_ALL","GO:0047298~(S)-3-amino-2-methylpropionate transaminase activity",1,0.588235294117647,1,"7151460, 7156483, 948067",146,1,21998,150.671232876712,1,1,100
"169","GOTERM_MF_ALL","GO:0003684~damaged DNA binding",1,0.588235294117647,1,"947206, 7158999, 7153929",146,49,21998,3.0749231199329,1,1,100
"170","GOTERM_MF_ALL","GO:0009021~tRNA (uracil-5-)-methyltransferase activity",1,0.588235294117647,1,"7159320, 947143, 7150541",146,5,21998,30.1342465753425,1,1,100
"171","GOTERM_MF_ALL","GO:0009008~DNA-methyltransferase activity",1,0.588235294117647,1,"3244838, 3654571",146,73,21998,2.06398949146181,1,1,100
"172","GOTERM_MF_ALL","GO:0050486~intramolecular transferase activity, transferring hydroxy groups",1,0.588235294117647,1,"945511, 7156334, 7151304",146,10,21998,15.0671232876712,1,1,100
"173","GOTERM_MF_ALL","GO:0008668~(2,3-dihydroxybenzoyl)adenylate synthase activity",1,0.588235294117647,1,"7156250, 7151224, 916992, 947426",146,1,21998,150.671232876712,1,1,100
"174","GOTERM_MF_ALL","GO:0003711~transcription elongation regulator activity",1,0.588235294117647,1,"948327, 7153071, 915134, 7158028",146,14,21998,10.7622309197652,1,1,100
"175","GOTERM_MF_ALL","GO:0016748~succinyltransferase activity",1,0.588235294117647,1,"7152918, 945307, 7157998",146,24,21998,6.27796803652968,1,1,100
"176","GOTERM_MF_ALL","GO:0051537~2 iron, 2 sulfur cluster binding",1,0.588235294117647,1,"946762, 7157329, 7152275",146,120,21998,1.25559360730594,1,1,100
"177","GOTERM_MF_ALL","GO:0016781~phosphotransferase activity, paired acceptors",1,0.588235294117647,1,"946209",146,11,21998,13.6973848069738,1,1,100
"178","GOTERM_MF_ALL","GO:0051745~4-hydroxy-3-methylbut-2-en-1-yl diphosphate reductase activity",1,0.588235294117647,1,"913428, 944777, 7151346, 7156374",146,3,21998,50.2237442922374,1,1,100
"179","GOTERM_MF_ALL","GO:0016410~N-acyltransferase activity",1,0.588235294117647,1,"946201, 7151551, 917056, 7156576",146,237,21998,0.635743598635917,1,1,100
"180","GOTERM_MF_ALL","GO:0016830~carbon-carbon lyase activity",1,0.588235294117647,1,"7150661, 7155676, 948517",146,353,21998,0.426830688036012,1,1,100
"181","GOTERM_MF_ALL","GO:0016564~transcription repressor activity",1,0.588235294117647,1,"7159669, 7154572",146,84,21998,1.79370515329419,1,1,100
"182","GOTERM_MF_ALL","GO:0043566~structure-specific DNA binding",1,0.588235294117647,1,"947206, 7158999, 7153929",146,63,21998,2.39160687105893,1,1,100
"183","GOTERM_MF_ALL","GO:0050572~L-idonate 5-dehydrogenase activity",1,0.588235294117647,1,"944769, 7151756, 7156790",146,1,21998,150.671232876712,1,1,100
"184","GOTERM_MF_ALL","GO:0016784~3-mercaptopyruvate sulfurtransferase activity",1,0.588235294117647,1,"7153896, 946993, 915202, 7158966",146,1,21998,150.671232876712,1,1,100
"185","GOTERM_MF_ALL","GO:0004456~phosphogluconate dehydratase activity",1,0.588235294117647,1,"7154600, 7156226, 946362",146,6,21998,25.1118721461187,1,1,100
"186","GOTERM_MF_ALL","GO:0016812~hydrolase activity, acting on carbon-nitrogen (but not peptide) bonds, in cyclic amides",1,0.588235294117647,1,"7149534, 946904, 7158336",146,43,21998,3.50398215992354,1,1,100
"187","GOTERM_MF_ALL","GO:0004811~tRNA isopentenyltransferase activity",1,0.588235294117647,1,"948690, 7157212, 7152156, 914072",146,1,21998,150.671232876712,1,1,100
"188","GOTERM_MF_ALL","GO:0016861~intramolecular oxidoreductase activity, interconverting aldoses and ketoses",1,0.588235294117647,1,"7151450, 946195, 7156473, 916477",146,112,21998,1.34527886497065,1,1,100
"189","GOTERM_MF_ALL","GO:0008199~ferric iron binding",1,0.588235294117647,1,"7155368, 947839, 7150222",146,27,21998,5.58041603247083,1,1,100
"190","GOTERM_MF_ALL","GO:0000309~nicotinamide-nucleotide adenylyltransferase activity",1,0.588235294117647,1,"7152565, 7157616, 948911",146,1,21998,150.671232876712,1,1,100
"191","GOTERM_MF_ALL","GO:0008803~bis(5'-nucleosyl)-tetraphosphatase (symmetrical) activity",1,0.588235294117647,1,"913453, 944770, 7149512, 7156423",146,1,21998,150.671232876712,1,1,100
"192","GOTERM_MF_ALL","GO:0005529~sugar binding",1,0.588235294117647,1,"7152546, 7159697, 946373",146,121,21998,1.24521680063399,1,1,100
"193","GOTERM_MF_ALL","GO:0008483~transaminase activity",1,0.588235294117647,1,"7151460, 7156483, 948067",146,143,21998,1.05364498515183,1,1,100
"194","GOTERM_MF_ALL","GO:0003978~UDP-glucose 4-epimerase activity",1,0.588235294117647,1,"7151477, 7156500, 945354",146,12,21998,12.5559360730594,1,1,100
"195","GOTERM_MF_ALL","GO:0016801~hydrolase activity, acting on ether bonds",1,0.588235294117647,1,"7156252, 946178, 7151226",146,6,21998,25.1118721461187,1,1,100
"196","GOTERM_MF_ALL","GO:0009041~uridylate kinase activity",1,0.588235294117647,1,"944989, 7153046, 7158132, 913857",146,1,21998,150.671232876712,1,1,100
"197","GOTERM_MF_ALL","GO:0016860~intramolecular oxidoreductase activity",1,0.588235294117647,1,"7151450, 946195, 7156473, 916477",146,144,21998,1.04632800608828,1,1,100
"198","GOTERM_MF_ALL","GO:0004553~hydrolase activity, hydrolyzing O-glycosyl compounds",1,0.588235294117647,1,"7158538, 945671, 7153455",146,243,21998,0.620046225830092,1,1,100
"199","GOTERM_MF_ALL","GO:0004451~isocitrate lyase activity",1,0.588235294117647,1,"7150661, 7155676, 948517",146,5,21998,30.1342465753425,1,1,100
"200","GOTERM_MF_ALL","GO:0004359~glutaminase activity",1,0.588235294117647,1,"7159512, 7154410",146,36,21998,4.18531202435312,1,1,100
"201","GOTERM_MF_ALL","GO:0004563~beta-N-acetylhexosaminidase activity",1,0.588235294117647,1,"7158538, 945671, 7153455",146,6,21998,25.1118721461187,1,1,100
"202","GOTERM_MF_ALL","GO:0031072~heat shock protein binding",1,0.588235294117647,1,"948992, 7151775, 913460, 7156809",146,49,21998,3.0749231199329,1,1,100
"203","GOTERM_MF_ALL","GO:0004792~thiosulfate sulfurtransferase activity",1,0.588235294117647,1,"7153896, 946993, 915202, 7158966",146,18,21998,8.37062404870624,1,1,100
"204","GOTERM_MF_ALL","GO:0008170~N-methyltransferase activity",1,0.588235294117647,1,"7159105, 7151276",146,95,21998,1.5860129776496,1,1,100
"205","GOTERM_MF_ALL","GO:0004040~amidase activity",1,0.588235294117647,1,"7151360, 7156385, 912388, 947456",146,7,21998,21.5244618395303,1,1,100
"206","GOTERM_MF_ALL","GO:0004180~carboxypeptidase activity",1,0.588235294117647,1,"7149534, 946904, 7158336",146,38,21998,3.96503244412401,1,1,100
"207","GOTERM_MF_ALL","GO:0015597~histidine/arginine/lysine/ornithine porter activity",1,0.588235294117647,1,"949030, 7151654, 7156681",146,1,21998,150.671232876712,1,1,100
"208","GOTERM_MF_ALL","GO:0004747~ribokinase activity",1,0.588235294117647,1,"948260, 7157623, 7152572",146,55,21998,2.73947696139477,1,1,100
"209","GOTERM_MF_ALL","GO:0051287~NAD or NADH binding",1,0.588235294117647,1,"7150688, 7155699",146,204,21998,0.738584474885845,1,1,100
"210","GOTERM_MF_ALL","GO:0030170~pyridoxal phosphate binding",1,0.588235294117647,1,"7151460, 7156483, 948067",146,359,21998,0.419697027511734,1,1,100
"211","GOTERM_MF_ALL","GO:0004371~glycerone kinase activity",1,0.588235294117647,1,"945747, 7151135, 7156158",146,21,21998,7.17482061317678,1,1,100
"212","GOTERM_MF_ALL","GO:0008709~7-alpha-hydroxysteroid dehydrogenase activity",1,0.588235294117647,1,"7158177, 946151, 7151809",146,3,21998,50.2237442922374,1,1,100
"213","GOTERM_MF_ALL","GO:0008874~gluconate 5-dehydrogenase activity",1,0.588235294117647,1,"7156792, 7151758, 947109",146,3,21998,50.2237442922374,1,1,100
"214","GOTERM_MF_ALL","GO:0016597~amino acid binding",1,0.588235294117647,1,"7158400, 7153314, 916984, 945184",146,85,21998,1.77260273972603,1,1,100
"215","GOTERM_MF_ALL","GO:0016405~CoA-ligase activity",1,0.588235294117647,1,"7159346, 948572, 7150395",146,26,21998,5.79504741833509,1,1,100
"216","GOTERM_MF_ALL","GO:0050626~trimethylamine-N-oxide reductase (cytochrome c) activity",1,0.588235294117647,1,"946389, 7153010, 7158783",146,9,21998,16.7412480974125,1,1,100
"217","GOTERM_MF_ALL","GO:0016805~dipeptidase activity",1,0.588235294117647,1,"7154255, 7159329, 948520",146,18,21998,8.37062404870624,1,1,100
"218","GOTERM_MF_ALL","GO:0008908~isochorismatase activity",1,0.588235294117647,1,"7156252, 946178, 7151226",146,6,21998,25.1118721461187,1,1,100
"219","GOTERM_MF_ALL","GO:0070567~cytidylyltransferase activity",1,0.588235294117647,1,"7156730, 947553, 916235, 7151690",146,22,21998,6.84869240348692,1,1,100
"220","GOTERM_MF_ALL","GO:0004175~endopeptidase activity",1,0.588235294117647,1,"7157638, 7152588",146,309,21998,0.4876091678858,1,1,100
"221","GOTERM_MF_ALL","GO:0045330~aspartyl esterase activity",1,0.588235294117647,1,"7153346, 7158441, 945381",146,1,21998,150.671232876712,1,1,100
"222","GOTERM_MF_ALL","GO:0016840~carbon-nitrogen lyase activity",1,0.588235294117647,1,"7156118, 7151095, 948658, 914128",146,73,21998,2.06398949146181,1,1,100
"223","GOTERM_MF_ALL","GO:0030151~molybdenum ion binding",1,0.588235294117647,1,"946389, 7153010, 7158783",146,124,21998,1.21509058771542,1,1,100
"224","GOTERM_MF_ALL","GO:0016877~ligase activity, forming carbon-sulfur bonds",1,0.588235294117647,1,"7159346, 948572, 7150395",146,44,21998,3.42434620174346,1,1,100
"225","GOTERM_MF_ALL","GO:0051082~unfolded protein binding",1,0.588235294117647,1,"915196, 7151293, 944885, 7156323",146,62,21998,2.43018117543084,1,1,100
"226","GOTERM_MF_ALL","GO:0004222~metalloendopeptidase activity",1,0.588235294117647,1,"7157638, 7152588",146,128,21998,1.17711900684931,1,1,100
"227","GOTERM_MF_ALL","GO:0017171~serine hydrolase activity",1,0.588235294117647,1,"7154255, 7159329, 948520",146,169,21998,0.891545756666937,1,1,100
"228","GOTERM_MF_ALL","GO:0016751~S-succinyltransferase activity",1,0.588235294117647,1,"7152918, 945307, 7157998",146,11,21998,13.6973848069738,1,1,100
"229","GOTERM_MF_ALL","GO:0008797~aspartate ammonia-lyase activity",1,0.588235294117647,1,"7156118, 7151095, 948658, 914128",146,1,21998,150.671232876712,1,1,100
"230","GOTERM_MF_ALL","GO:0016657~oxidoreductase activity, acting on NADH or NADPH, nitrogenous group as acceptor",1,0.588235294117647,1,"946389, 7153010, 7158783",146,9,21998,16.7412480974125,1,1,100
"231","GOTERM_MF_ALL","GO:0016783~sulfurtransferase activity",1,0.588235294117647,1,"7153896, 946993, 915202, 7158966",146,75,21998,2.0089497716895,1,1,100
"232","GOTERM_MF_ALL","GO:0003985~acetyl-CoA C-acetyltransferase activity",1,0.588235294117647,1,"947324, 7151891, 7156901",146,7,21998,21.5244618395303,1,1,100
"233","GOTERM_MF_ALL","GO:0008175~tRNA methyltransferase activity",1,0.588235294117647,1,"7159320, 947143, 7150541",146,35,21998,4.30489236790607,1,1,100
"234","GOTERM_MF_ALL","GO:0003690~double-stranded DNA binding",1,0.588235294117647,1,"947206, 7158999, 7153929",146,22,21998,6.84869240348692,1,1,100
"235","GOTERM_MF_ALL","GO:0000049~tRNA binding",1,0.588235294117647,1,"7156730, 947553, 916235, 7151690",146,29,21998,5.19555975436939,1,1,100
"236","GOTERM_MF_ALL","GO:0000156~two-component response regulator activity",1,0.588235294117647,1,"949024, 7158844, 7153762",146,387,21998,0.389331351102616,1,1,100
"237","GOTERM_MF_ALL","GO:0016841~ammonia-lyase activity",1,0.588235294117647,1,"7156118, 7151095, 948658, 914128",146,58,21998,2.5977798771847,1,1,100
"238","GOTERM_MF_ALL","GO:0019203~carbohydrate phosphatase activity",1,0.588235294117647,1,"7153425, 7158509, 945773",146,15,21998,10.0447488584475,1,1,100
"239","GOTERM_MF_ALL","GO:0019200~carbohydrate kinase activity",1,0.588235294117647,1,"948260, 7157623, 7152572",146,143,21998,1.05364498515183,1,1,100
"240","GOTERM_MF_ALL","GO:0008649~rRNA methyltransferase activity",1,0.588235294117647,1,"7159105, 7151276",146,63,21998,2.39160687105893,1,1,100
"241","GOTERM_MF_ALL","GO:0004417~hydroxyethylthiazole kinase activity",1,0.588235294117647,1,"7150523, 945142, 7158053",146,5,21998,30.1342465753425,1,1,100
"242","GOTERM_MF_ALL","GO:0008927~mannonate dehydratase activity",1,0.588235294117647,1,"7155540, 7151570, 947082",146,5,21998,30.1342465753425,1,1,100
"243","GOTERM_MF_ALL","GO:0016300~tRNA (uracil) methyltransferase activity",1,0.588235294117647,1,"7159320, 947143, 7150541",146,25,21998,6.02684931506849,1,1,100
"244","GOTERM_MF_ALL","GO:0004620~phospholipase activity",1,0.588235294117647,1,"7158372, 945127",146,22,21998,6.84869240348692,1,1,100
"245","GOTERM_MF_ALL","GO:0000104~succinate dehydrogenase activity",1,0.588235294117647,1,"945402, 7157883, 917480, 7152816",146,12,21998,12.5559360730594,1,1,100
"246","GOTERM_MF_ALL","GO:0004149~dihydrolipoyllysine-residue succinyltransferase activity",1,0.588235294117647,1,"7152918, 945307, 7157998",146,11,21998,13.6973848069738,1,1,100
"247","GOTERM_MF_ALL","GO:0015929~hexosaminidase activity",1,0.588235294117647,1,"7158538, 945671, 7153455",146,6,21998,25.1118721461187,1,1,100
"248","GOTERM_MF_ALL","GO:0016645~oxidoreductase activity, acting on the CH-NH group of donors",1,0.588235294117647,1,"7156904, 913450, 944790, 3244885, 7151895",146,55,21998,2.73947696139477,1,1,100
"249","GOTERM_MF_ALL","GO:0033862~UMP kinase activity",1,0.588235294117647,1,"944989, 7153046, 7158132, 913857",146,1,21998,150.671232876712,1,1,100
"250","GOTERM_MF_ALL","GO:0004148~dihydrolipoyl dehydrogenase activity",1,0.588235294117647,1,"913643, 7150786, 944827, 7155794",146,16,21998,9.41695205479452,1,1,100
"251","GOTERM_MF_ALL","GO:0015343~siderophore-iron transmembrane transporter activity",1,0.588235294117647,1,"7151644, 7157566, 945649, 7151318",146,51,21998,2.95433789954338,1,1,100
"252","GOTERM_MF_ALL","GO:0000210~NAD+ diphosphatase activity",1,0.588235294117647,1,"7157791, 7152737, 914939, 948498",146,1,21998,150.671232876712,1,1,100
"253","GOTERM_MF_ALL","GO:0009007~site-specific DNA-methyltransferase (adenine-specific) activity",1,0.588235294117647,1,"3244838, 3654571",146,53,21998,2.84285345050401,1,1,100
"254","GOTERM_MF_ALL","GO:0016453~C-acetyltransferase activity",1,0.588235294117647,1,"947324, 7151891, 7156901",146,40,21998,3.76678082191781,1,1,100
"255","GOTERM_MF_ALL","GO:0008177~succinate dehydrogenase (ubiquinone) activity",1,0.588235294117647,1,"945402, 7157883, 917480, 7152816",146,1,21998,150.671232876712,1,1,100
"256","GOTERM_MF_ALL","GO:0050569~glycolaldehyde dehydrogenase activity",1,0.588235294117647,1,"7158604, 945672, 7153526",146,1,21998,150.671232876712,1,1,100
"257","GOTERM_MF_ALL","GO:0016208~AMP binding",1,0.588235294117647,1,"7159346, 948572, 7150395",146,8,21998,18.833904109589,1,1,100
"258","GOTERM_MF_ALL","GO:0016628~oxidoreductase activity, acting on the CH-CH group of donors, NAD or NADP as acceptor",1,0.588235294117647,1,"948529, 914320",146,33,21998,4.56579493565795,1,1,100
"259","GOTERM_MF_ALL","GO:0008875~gluconate dehydrogenase activity",1,0.588235294117647,1,"7156792, 7151758, 947109",146,4,21998,37.6678082191781,1,1,100
"260","GOTERM_MF_ALL","GO:0016417~S-acyltransferase activity",1,0.588235294117647,1,"7152918, 945307, 7157998",146,17,21998,8.86301369863014,1,1,100
"261","GOTERM_MF_ALL","GO:0051538~3 iron, 4 sulfur cluster binding",1,0.588235294117647,1,"913428, 944777, 7151346, 7156374",146,13,21998,11.5900948366702,1,1,100
"262","GOTERM_MF_ALL","GO:0004368~glycerol-3-phosphate dehydrogenase activity",1,0.588235294117647,1,"7151540, 915873, 7156565, 947934",146,8,21998,18.833904109589,1,1,100
"263","GOTERM_MF_ALL","GO:0003774~motor activity",1,0.588235294117647,1,"7151360, 7156385, 912388, 947456",146,39,21998,3.86336494555673,1,1,100
"264","GOTERM_MF_ALL","GO:0008883~glutamyl-tRNA reductase activity",1,0.588235294117647,1,"913148, 945777, 7151951, 7156995",146,1,21998,150.671232876712,1,1,100
"265","GOTERM_MF_ALL","GO:0042927~siderophore transporter activity",1,0.588235294117647,1,"7151644, 7157566, 945649, 7151318",146,51,21998,2.95433789954338,1,1,100
"266","GOTERM_MF_ALL","GO:0016668~oxidoreductase activity, acting on sulfur group of donors, NAD or NADP as acceptor",1,0.588235294117647,1,"913643, 7150786, 944827, 7155794",146,36,21998,4.18531202435312,1,1,100
"267","GOTERM_MF_ALL","GO:0050421~nitrite reductase (NO-forming) activity",1,0.588235294117647,1,"7154021, 7159091",146,1,21998,150.671232876712,1,1,100
"268","GOTERM_MF_ALL","GO:0004470~malic enzyme activity",1,0.588235294117647,1,"7150688, 7155699",146,11,21998,13.6973848069738,1,1,100
"269","GOTERM_MF_ALL","GO:0016229~steroid dehydrogenase activity",1,0.588235294117647,1,"7158177, 946151, 7151809",146,3,21998,50.2237442922374,1,1,100
"270","GOTERM_MF_ALL","GO:0004046~aminoacylase activity",1,0.588235294117647,1,"7150652, 7155667, 945742",146,2,21998,75.3356164383562,1,1,100
"271","GOTERM_MF_ALL","GO:0033764~steroid dehydrogenase activity, acting on the CH-OH group of donors, NAD or NADP as acceptor",1,0.588235294117647,1,"7158177, 946151, 7151809",146,3,21998,50.2237442922374,1,1,100
"272","GOTERM_MF_ALL","GO:0016833~oxo-acid-lyase activity",1,0.588235294117647,1,"7150661, 7155676, 948517",146,67,21998,2.24882437129421,1,1,100
"273","GOTERM_MF_ALL","GO:0009033~trimethylamine-N-oxide reductase activity",1,0.588235294117647,1,"946389, 7153010, 7158783",146,3,21998,50.2237442922374,1,1,100
"274","GOTERM_MF_ALL","GO:0008736~L-fucose isomerase activity",1,0.588235294117647,1,"7151450, 946195, 7156473, 916477",146,1,21998,150.671232876712,1,1,100
"275","GOTERM_MF_ALL","GO:0010181~FMN binding",1,0.588235294117647,1,"947263, 7152771, 7158511",146,140,21998,1.07622309197652,1,1,100
"276","GOTERM_MF_ALL","GO:0032440~2-alkenal reductase activity",1,0.588235294117647,1,"948529, 914320",146,6,21998,25.1118721461187,1,1,100
"277","GOTERM_MF_ALL","GO:0008276~protein methyltransferase activity",1,0.588235294117647,1,"3244838, 3654571",146,16,21998,9.41695205479452,1,1,100
"278","GOTERM_MF_ALL","GO:0016776~phosphotransferase activity, phosphate group as acceptor",1,0.588235294117647,1,"944989, 7153046, 7158132, 913857",146,26,21998,5.79504741833509,1,1,100
"279","GOTERM_MF_ALL","GO:0004146~dihydrofolate reductase activity",1,0.588235294117647,1,"7156904, 913450, 944790, 3244885, 7151895",146,16,21998,9.41695205479452,1,1,100
"280","GOTERM_MF_ALL","GO:0015036~disulfide oxidoreductase activity",1,0.588235294117647,1,"7155935, 7150918",146,82,21998,1.8374540594721,1,1,100
"281","GOTERM_MF_ALL","GO:0016725~oxidoreductase activity, acting on CH or CH2 groups",1,0.588235294117647,1,"913428, 944777, 7151346, 7156374",146,38,21998,3.96503244412401,1,1,100
"282","GOTERM_MF_ALL","GO:0004463~leukotriene-A4 hydrolase activity",1,0.588235294117647,1,"7156252, 946178, 7151226",146,6,21998,25.1118721461187,1,1,100
"283","GOTERM_MF_ALL","GO:0016854~racemase and epimerase activity",1,0.588235294117647,1,"7151477, 7156500, 945354",146,130,21998,1.15900948366702,1,1,100
"284","GOTERM_MF_ALL","GO:0050660~FAD binding",1,0.588235294117647,1,"945402, 7157883, 917480, 7152816",146,287,21998,0.524986874134886,1,1,100
"285","GOTERM_MF_ALL","GO:0016769~transferase activity, transferring nitrogenous groups",1,0.588235294117647,1,"7151460, 7156483, 948067",146,196,21998,0.768730779983226,1,1,100
"286","GOTERM_MF_ALL","GO:0004622~lysophospholipase activity",1,0.588235294117647,1,"7158372, 945127",146,15,21998,10.0447488584475,1,1,100
"287","GOTERM_MF_ALL","GO:0016763~transferase activity, transferring pentosyl groups",1,0.588235294117647,1,"915528, 7150267, 7158138, 948157",146,66,21998,2.28289746782897,1,1,100
"288","GOTERM_MF_ALL","GO:0016878~acid-thiol ligase activity",1,0.588235294117647,1,"7159346, 948572, 7150395",146,40,21998,3.76678082191781,1,1,100
"289","GOTERM_MF_ALL","GO:0008911~lactaldehyde dehydrogenase activity",1,0.588235294117647,1,"7158604, 945672, 7153526",146,3,21998,50.2237442922374,1,1,100
"290","GOTERM_MF_ALL","GO:0016635~oxidoreductase activity, acting on the CH-CH group of donors, quinone or related compound as acceptor",1,0.588235294117647,1,"945402, 7157883, 917480, 7152816",146,1,21998,150.671232876712,1,1,100
"291","GOTERM_MF_ALL","GO:0016866~intramolecular transferase activity",1,0.588235294117647,1,"945511, 7156334, 7151304",146,158,21998,0.953615397953875,1,1,100
"292","GOTERM_MF_ALL","GO:0004857~enzyme inhibitor activity",1,0.588235294117647,1,"7157134, 945744, 7153466, 913203",146,62,21998,2.43018117543084,1,1,100
"293","GOTERM_MF_ALL","GO:0016814~hydrolase activity, acting on carbon-nitrogen (but not peptide) bonds, in cyclic amidines",1,0.588235294117647,1,"914569, 945620, 7152629, 7157306",146,41,21998,3.6749081189442,1,1,100
"294","GOTERM_MF_ALL","GO:0008144~drug binding",1,0.588235294117647,1,"913781, 7156713, 7151674, 944843",146,19,21998,7.93006488824802,1,1,100
"295","GOTERM_MF_ALL","GO:0003906~DNA-(apurinic or apyrimidinic site) lyase activity",1,0.588235294117647,1,"7149727, 947122, 7157810",146,15,21998,10.0447488584475,1,1,100
"296","GOTERM_MF_ALL","GO:0004370~glycerol kinase activity",1,0.588235294117647,1,"915050, 7156572, 7151541, 948423",146,1,21998,150.671232876712,1,1,100
"297","GOTERM_MF_ALL","GO:0008703~5-amino-6-(5-phosphoribosylamino)uracil reductase activity",1,0.588235294117647,1,"914569, 945620, 7152629, 7157306",146,2,21998,75.3356164383562,1,1,100
"298","GOTERM_MF_ALL","GO:0008986~pyruvate, water dikinase activity",1,0.588235294117647,1,"946209",146,6,21998,25.1118721461187,1,1,100
"299","GOTERM_MF_ALL","GO:0016646~oxidoreductase activity, acting on the CH-NH group of donors, NAD or NADP as acceptor",1,0.588235294117647,1,"7156904, 913450, 944790, 3244885, 7151895",146,50,21998,3.01342465753425,1,1,100
"300","GOTERM_MF_ALL","GO:0004810~tRNA adenylyltransferase activity",1,0.588235294117647,1,"7156730, 947553, 916235, 7151690",146,1,21998,150.671232876712,1,1,100
"301","GOTERM_MF_ALL","GO:0003867~4-aminobutyrate transaminase activity",1,0.588235294117647,1,"7151460, 7156483, 948067",146,12,21998,12.5559360730594,1,1,100
"302","GOTERM_MF_ALL","GO:0016782~transferase activity, transferring sulfur-containing groups",1,0.588235294117647,1,"7153896, 946993, 915202, 7158966",146,130,21998,1.15900948366702,1,1,100
"303","GOTERM_MF_ALL","GO:0004102~choline O-acetyltransferase activity",1,0.588235294117647,1,"7152918, 945307, 7157998",146,1,21998,150.671232876712,1,1,100
"304","GOTERM_MF_ALL","GO:0004112~cyclic-nucleotide phosphodiesterase activity",1,0.588235294117647,1,"7156730, 947553, 916235, 7151690",146,6,21998,25.1118721461187,1,1,100
"305","GOTERM_MF_ALL","GO:0016408~C-acyltransferase activity",1,0.588235294117647,1,"947324, 7151891, 7156901",146,43,21998,3.50398215992354,1,1,100
"306","GOTERM_MF_ALL","GO:0004588~orotate phosphoribosyltransferase activity",1,0.588235294117647,1,"915528, 7150267, 7158138, 948157",146,1,21998,150.671232876712,1,1,100
"307","GOTERM_MF_ALL","GO:0030599~pectinesterase activity",1,0.588235294117647,1,"7153346, 7158441, 945381",146,9,21998,16.7412480974125,1,1,100
"308","GOTERM_MF_ALL","GO:0004364~glutathione transferase activity",1,0.588235294117647,1,"947472, 7151594, 7156620",146,29,21998,5.19555975436939,1,1,100
"309","GOTERM_MF_ALL","GO:0016413~O-acetyltransferase activity",1,0.588235294117647,1,"7152918, 945307, 7157998",146,18,21998,8.37062404870624,1,1,100
"310","GOTERM_MF_ALL","GO:0003993~acid phosphatase activity",1,0.588235294117647,1,"7153425, 7158509, 945773",146,15,21998,10.0447488584475,1,1,100
"311","GOTERM_MF_ALL","GO:0008236~serine-type peptidase activity",1,0.588235294117647,1,"7154255, 7159329, 948520",146,169,21998,0.891545756666937,1,1,100
"312","GOTERM_MF_ALL","GO:0016437~tRNA cytidylyltransferase activity",1,0.588235294117647,1,"7156730, 947553, 916235, 7151690",146,1,21998,150.671232876712,1,1,100
"313","GOTERM_MF_ALL","GO:0008955~peptidoglycan glycosyltransferase activity",1,0.588235294117647,1,"913781, 7156713, 7151674, 944843",146,5,21998,30.1342465753425,1,1,100
"314","GOTERM_MF_ALL","GO:0008877~glucose-1-phosphatase activity",1,0.588235294117647,1,"7153425, 7158509, 945773",146,3,21998,50.2237442922374,1,1,100
"315","GOTERM_MF_ALL","GO:0016151~nickel ion binding",1,0.588235294117647,1,"7156730, 947553, 916235, 7151690",146,78,21998,1.93168247277836,1,1,100
"316","GOTERM_MF_ALL","GO:0019201~nucleotide kinase activity",1,0.588235294117647,1,"944989, 7153046, 7158132, 913857",146,11,21998,13.6973848069738,1,1,100
"317","GOTERM_MF_ALL","GO:0008658~penicillin binding",1,0.588235294117647,1,"913781, 7156713, 7151674, 944843",146,18,21998,8.37062404870624,1,1,100
"318","GOTERM_MF_ALL","GO:0016615~malate dehydrogenase activity",1,0.588235294117647,1,"7150688, 7155699",146,25,21998,6.02684931506849,1,1,100
"319","GOTERM_MF_ALL","GO:0016298~lipase activity",1,0.588235294117647,1,"7158372, 945127",146,26,21998,5.79504741833509,1,1,100
"320","GOTERM_MF_ALL","GO:0008990~rRNA (guanine-N2-)-methyltransferase activity",1,0.588235294117647,1,"7159105, 7151276",146,12,21998,12.5559360730594,1,1,100
"321","GOTERM_MF_ALL","GO:0016619~malate dehydrogenase (oxaloacetate-decarboxylating) activity",1,0.588235294117647,1,"7150688, 7155699",146,5,21998,30.1342465753425,1,1,100
"322","GOTERM_MF_ALL","GO:0031177~phosphopantetheine binding",1,0.588235294117647,1,"7158400, 7153314, 916984, 945184",146,29,21998,5.19555975436939,1,1,100
